,f01_stimulus_1,f01_stimulus_2,f01_stimulus_3,f01_stimulus_4,f01_stimulus_5,f01_stimulus_6,f01_stimulus_7,f01_stimulus_8,f01_stimulus_9,f01_stimulus_10,f02_stimulus_1,f02_stimulus_2,f02_stimulus_3,f02_stimulus_4,f02_stimulus_5,f02_stimulus_6,f02_stimulus_7,f02_stimulus_8,f02_stimulus_9,f02_stimulus_10,f03_stimulus_1,f03_stimulus_2,f03_stimulus_3,f03_stimulus_4,f03_stimulus_5,f03_stimulus_6,f03_stimulus_7,f03_stimulus_8,f03_stimulus_9,f03_stimulus_10
0.0005,-9.43,10.57,10.57,-9.43,10.57,-9.43,-9.43,-9.43,-9.43,-9.43,-2.58,-2.58,-2.58,17.42,-2.58,17.42,-2.58,-2.58,-2.58,-2.58,-0.67,-0.67,-0.67,-0.67,-0.67,-0.67,19.33,-0.67,-0.67,-0.67
0.0015,-9.43,10.57,10.57,-9.43,-9.43,10.57,-9.43,-9.43,-9.43,-9.43,-2.58,37.42,-2.58,-2.58,17.42,-2.58,-2.58,-2.58,-2.58,-2.58,-0.67,-0.67,-0.67,-0.67,-0.67,-0.67,-0.67,-0.67,-0.67,-0.67
0.0025,-9.43,10.57,-9.43,-9.43,-9.43,-9.43,10.57,-9.43,-9.43,-9.43,-2.58,-2.58,17.42,17.42,-2.58,-2.58,-2.58,-2.58,-2.58,-2.58,-0.67,-0.67,-0.67,19.33,-0.67,-0.67,-0.67,-0.67,-0.67,-0.67
0.0035,10.57,-9.43,10.57,-9.43,-9.43,70.57,-9.43,10.57,30.57,-9.43,-2.58,-2.58,-2.58,-2.58,-2.58,-2.58,-2.58,17.42,-2.58,-2.58,-0.67,-0.67,-0.67,-0.67,-0.67,-0.67,-0.67,-0.67,-0.67,-0.67
0.0045,-9.43,10.57,-9.43,10.57,-9.43,-9.43,-9.43,-9.43,-9.43,-9.43,-2.58,-2.58,-2.58,-2.58,-2.58,-2.58,-2.58,-2.58,-2.58,-2.58,-0.67,-0.67,-0.67,-0.67,-0.67,-0.67,-0.67,-0.67,-0.67,-0.67
0.0055,-9.43,30.57,-9.43,-9.43,10.57,10.57,-9.43,10.57,10.57,-9.43,-2.58,-2.58,-2.58,-2.58,17.42,17.42,-2.58,-2.58,-2.58,-2.58,-0.67,-0.67,-0.67,-0.67,-0.67,-0.67,-0.67,-0.67,-0.67,-0.67
0.0065,-9.43,-9.43,-9.43,30.57,-9.43,10.57,-9.43,30.57,-9.43,-9.43,-2.58,-2.58,-2.58,17.42,17.42,-2.58,-2.58,-2.58,-2.58,-2.58,-0.67,-0.67,-0.67,-0.67,-0.67,-0.67,-0.67,-0.67,19.33,-0.67
0.0075,-9.43,-9.43,-9.43,-9.43,-9.43,30.57,-9.43,-9.43,-9.43,-9.43,-2.58,-2.58,-2.58,-2.58,-2.58,-2.58,-2.58,-2.58,-2.58,-2.58,-0.67,-0.67,-0.67,-0.67,-0.67,-0.67,-0.67,-0.67,-0.67,-0.67
0.0085,10.57,10.57,10.57,10.57,-9.43,-9.43,10.57,-9.43,10.57,-9.43,-2.58,-2.58,-2.58,17.42,-2.58,-2.58,-2.58,-2.58,-2.58,-2.58,-0.67,-0.67,-0.67,-0.67,-0.67,-0.67,-0.67,-0.67,-0.67,-0.67
0.0095,-9.43,-9.43,10.57,10.57,10.57,-9.43,-9.43,-9.43,30.57,-9.43,-2.58,17.42,-2.58,-2.58,-2.58,-2.58,-2.58,17.42,-2.58,-2.58,-0.67,-0.67,-0.67,-0.67,-0.67,-0.67,-0.67,-0.67,-0.67,-0.67
0.0105,-9.43,-9.43,-9.43,-9.43,-9.43,-9.43,10.57,10.57,10.57,10.57,-2.58,-2.58,17.42,-2.58,-2.58,-2.58,-2.58,-2.58,-2.58,-2.58,-0.67,-0.67,-0.67,-0.67,-0.67,-0.67,-0.67,-0.67,-0.67,-0.67
0.0115,-9.43,30.57,10.57,50.57,10.57,-9.43,10.57,-9.43,30.57,-9.43,-2.58,-2.58,-2.58,-2.58,-2.58,37.42,17.42,-2.58,17.42,77.42,-0.67,-0.67,-0.67,-0.67,-0.67,-0.67,-0.67,-0.67,-0.67,-0.67
0.0125,-9.43,30.57,10.57,-9.43,10.57,-9.43,-9.43,-9.43,10.57,-9.43,-2.58,-2.58,-2.58,-2.58,37.42,17.42,57.42,97.42,57.42,117.42,-0.67,-0.67,-0.67,-0.67,19.33,-0.67,-0.67,19.33,-0.67,-0.67
0.0135,-9.43,30.57,-9.43,-9.43,10.57,-9.43,70.57,30.57,10.57,50.57,17.42,-2.58,-2.58,57.42,-2.58,17.42,77.42,77.42,157.42,77.42,-0.67,-0.67,19.33,-0.67,-0.67,-0.67,-0.67,19.33,-0.67,19.33
0.0145,-9.43,-9.43,-9.43,10.57,70.57,50.57,10.57,70.57,50.57,30.57,-2.58,-2.58,-2.58,-2.58,-2.58,37.42,77.42,57.42,97.42,137.42,-0.67,-0.67,-0.67,-0.67,-0.67,-0.67,39.33,-0.67,-0.67,-0.67
0.0155,-9.43,-9.43,-9.43,30.57,-9.43,50.57,70.57,70.57,130.57,130.57,17.42,-2.58,-2.58,-2.58,17.42,17.42,137.42,77.42,137.42,77.42,-0.67,-0.67,-0.67,-0.67,-0.67,19.33,-0.67,39.33,-0.67,39.33
0.0165,10.57,50.57,10.57,-9.43,30.57,90.57,50.57,110.57,110.57,110.57,-2.58,17.42,-2.58,57.42,137.42,77.42,37.42,37.42,-2.58,17.42,-0.67,-0.67,-0.67,-0.67,-0.67,-0.67,-0.67,19.33,39.33,-0.67
0.0175,-9.43,10.57,30.57,10.57,10.57,10.57,70.57,50.57,170.57,130.57,-2.58,-2.58,-2.58,-2.58,117.42,77.42,77.42,117.42,77.42,137.42,-0.67,-0.67,-0.67,-0.67,-0.67,19.33,-0.67,-0.67,-0.67,-0.67
0.0185,-9.43,-9.43,10.57,10.57,90.57,110.57,70.57,110.57,70.57,150.57,17.42,-2.58,-2.58,-2.58,17.42,-2.58,17.42,37.42,37.42,77.42,-0.67,-0.67,-0.67,19.33,-0.67,19.33,-0.67,19.33,-0.67,-0.67
0.0195,-9.43,10.57,10.57,-9.43,50.57,10.57,130.57,70.57,90.57,230.57,-2.58,-2.58,-2.58,37.42,77.42,37.42,97.42,57.42,37.42,77.42,-0.67,-0.67,19.33,-0.67,-0.67,19.33,-0.67,19.33,-0.67,19.33
0.0205,-9.43,-9.43,30.57,30.57,70.57,70.57,210.57,50.57,70.57,130.57,-2.58,-2.58,17.42,57.42,57.42,37.42,57.42,17.42,17.42,37.42,-0.67,-0.67,-0.67,-0.67,19.33,-0.67,-0.67,39.33,-0.67,19.33
0.0215,-9.43,-9.43,10.57,10.57,90.57,190.57,90.57,150.57,110.57,150.57,-2.58,-2.58,-2.58,17.42,57.42,57.42,17.42,-2.58,37.42,17.42,-0.67,-0.67,-0.67,-0.67,19.33,39.33,-0.67,-0.67,19.33,19.33
0.0225,-9.43,10.57,-9.43,30.57,70.57,50.57,50.57,150.57,210.57,70.57,-2.58,-2.58,-2.58,17.42,37.42,37.42,17.42,37.42,-2.58,-2.58,-0.67,-0.67,-0.67,19.33,-0.67,19.33,-0.67,19.33,19.33,-0.67
0.0235,10.57,10.57,10.57,10.57,50.57,70.57,90.57,110.57,-9.43,30.57,-2.58,-2.58,17.42,57.42,-2.58,37.42,77.42,37.42,-2.58,37.42,-0.67,-0.67,-0.67,19.33,-0.67,-0.67,-0.67,-0.67,-0.67,19.33
0.0245,-9.43,10.57,-9.43,30.57,170.57,50.57,10.57,90.57,-9.43,50.57,-2.58,-2.58,17.42,57.42,17.42,37.42,-2.58,17.42,37.42,37.42,-0.67,-0.67,-0.67,19.33,-0.67,-0.67,19.33,-0.67,-0.67,-0.67
0.0255,-9.43,-9.43,-9.43,50.57,30.57,30.57,90.57,90.57,70.57,110.57,-2.58,17.42,17.42,77.42,-2.58,17.42,-2.58,17.42,17.42,-2.58,-0.67,-0.67,-0.67,-0.67,-0.67,-0.67,19.33,-0.67,-0.67,19.33
0.0265,-9.43,-9.43,-9.43,70.57,110.57,30.57,30.57,30.57,30.57,10.57,-2.58,-2.58,17.42,17.42,17.42,-2.58,-2.58,-2.58,-2.58,17.42,-0.67,-0.67,-0.67,-0.67,-0.67,19.33,-0.67,-0.67,-0.67,-0.67
0.0275,-9.43,-9.43,30.57,30.57,30.57,70.57,50.57,10.57,30.57,90.57,-2.58,-2.58,37.42,57.42,17.42,-2.58,-2.58,-2.58,-2.58,-2.58,-0.67,-0.67,19.33,19.33,19.33,-0.67,-0.67,-0.67,-0.67,-0.67
0.0285,-9.43,10.57,-9.43,90.57,90.57,30.57,10.57,70.57,-9.43,30.57,-2.58,-2.58,-2.58,57.42,-2.58,37.42,-2.58,-2.58,-2.58,-2.58,-0.67,-0.67,-0.67,-0.67,-0.67,-0.67,-0.67,-0.67,-0.67,-0.67
0.0295,10.57,10.57,10.57,50.57,30.57,10.57,-9.43,10.57,10.57,30.57,-2.58,-2.58,-2.58,17.42,17.42,17.42,-2.58,-2.58,-2.58,-2.58,-0.67,-0.67,-0.67,-0.67,19.33,-0.67,-0.67,-0.67,-0.67,-0.67
0.0305,-9.43,-9.43,-9.43,-9.43,-9.43,10.57,-9.43,-9.43,30.57,10.57,-2.58,-2.58,-2.58,17.42,-2.58,-2.58,-2.58,-2.58,-2.58,-2.58,-0.67,-0.67,-0.67,-0.67,-0.67,-0.67,-0.67,19.33,-0.67,-0.67
0.0315,-9.43,10.57,-9.43,30.57,50.57,-9.43,-9.43,-9.43,-9.43,30.57,-2.58,-2.58,-2.58,37.42,17.42,-2.58,-2.58,-2.58,-2.58,-2.58,-0.67,-0.67,-0.67,19.33,-0.67,-0.67,-0.67,-0.67,19.33,-0.67
0.0325,-9.43,10.57,50.57,50.57,10.57,10.57,10.57,-9.43,10.57,30.57,-2.58,17.42,-2.58,17.42,-2.58,-2.58,-2.58,-2.58,-2.58,-2.58,-0.67,-0.67,-0.67,-0.67,-0.67,-0.67,-0.67,-0.67,-0.67,-0.67
0.0335,10.57,30.57,30.57,10.57,10.57,-9.43,10.57,-9.43,-9.43,30.57,-2.58,-2.58,-2.58,17.42,-2.58,17.42,-2.58,-2.58,-2.58,-2.58,19.33,-0.67,-0.67,-0.67,-0.67,-0.67,-0.67,-0.67,-0.67,-0.67
0.0345,-9.43,-9.43,10.57,-9.43,10.57,-9.43,-9.43,10.57,-9.43,10.57,-2.58,-2.58,17.42,-2.58,-2.58,-2.58,-2.58,-2.58,-2.58,-2.58,-0.67,-0.67,19.33,-0.67,-0.67,-0.67,-0.67,-0.67,-0.67,-0.67
0.0355,10.57,10.57,-9.43,10.57,-9.43,10.57,10.57,-9.43,10.57,10.57,-2.58,-2.58,-2.58,-2.58,17.42,-2.58,-2.58,-2.58,-2.58,-2.58,-0.67,-0.67,-0.67,-0.67,-0.67,-0.67,-0.67,-0.67,-0.67,-0.67
0.0365,-9.43,10.57,10.57,10.57,10.57,10.57,10.57,-9.43,-9.43,-9.43,-2.58,-2.58,-2.58,-2.58,-2.58,-2.58,-2.58,-2.58,-2.58,-2.58,-0.67,-0.67,-0.67,-0.67,-0.67,-0.67,-0.67,-0.67,-0.67,-0.67
0.0375,-9.43,30.57,70.57,50.57,10.57,-9.43,-9.43,-9.43,10.57,10.57,17.42,-2.58,-2.58,-2.58,-2.58,-2.58,-2.58,-2.58,-2.58,-2.58,-0.67,-0.67,-0.67,-0.67,-0.67,-0.67,-0.67,-0.67,-0.67,-0.67
0.0385,-9.43,-9.43,10.57,50.57,10.57,-9.43,-9.43,-9.43,-9.43,10.57,17.42,-2.58,-2.58,17.42,17.42,-2.58,-2.58,-2.58,-2.58,-2.58,-0.67,-0.67,-0.67,19.33,-0.67,-0.67,-0.67,-0.67,-0.67,-0.67
0.0395,-9.43,-9.43,-9.43,30.57,10.57,-9.43,-9.43,10.57,-9.43,-9.43,17.42,17.42,-2.58,17.42,-2.58,-2.58,-2.58,-2.58,-2.58,-2.58,-0.67,-0.67,-0.67,-0.67,-0.67,-0.67,-0.67,-0.67,-0.67,-0.67
0.0405,10.57,10.57,30.57,-9.43,10.57,-9.43,-9.43,-9.43,-9.43,10.57,-2.58,-2.58,-2.58,-2.58,-2.58,17.42,-2.58,-2.58,-2.58,-2.58,-0.67,-0.67,-0.67,-0.67,-0.67,-0.67,-0.67,-0.67,-0.67,-0.67
0.0415,10.57,30.57,10.57,-9.43,30.57,-9.43,10.57,-9.43,-9.43,-9.43,-2.58,-2.58,-2.58,-2.58,-2.58,-2.58,-2.58,-2.58,-2.58,-2.58,-0.67,-0.67,19.33,-0.67,-0.67,-0.67,-0.67,-0.67,-0.67,-0.67
0.0425,-9.43,10.57,-9.43,70.57,30.57,10.57,-9.43,-9.43,-9.43,10.57,-2.58,17.42,17.42,-2.58,-2.58,-2.58,-2.58,-2.58,-2.58,-2.58,-0.67,-0.67,-0.67,-0.67,-0.67,-0.67,-0.67,-0.67,-0.67,-0.67
0.0435,10.57,-9.43,30.57,-9.43,-9.43,10.57,10.57,10.57,10.57,-9.43,17.42,-2.58,-2.58,-2.58,-2.58,-2.58,-2.58,-2.58,-2.58,-2.58,-0.67,-0.67,19.33,-0.67,-0.67,-0.67,-0.67,-0.67,-0.67,-0.67
0.0445,30.57,10.57,10.57,50.57,10.57,-9.43,-9.43,-9.43,-9.43,-9.43,-2.58,-2.58,-2.58,-2.58,-2.58,-2.58,-2.58,-2.58,-2.58,17.42,-0.67,-0.67,-0.67,-0.67,-0.67,-0.67,-0.67,-0.67,-0.67,-0.67
0.0455,-9.43,-9.43,10.57,10.57,-9.43,-9.43,-9.43,-9.43,-9.43,10.57,-2.58,-2.58,-2.58,-2.58,-2.58,-2.58,-2.58,-2.58,-2.58,-2.58,-0.67,-0.67,-0.67,-0.67,-0.67,-0.67,-0.67,-0.67,-0.67,-0.67
0.0465,-9.43,-9.43,30.57,10.57,10.57,10.57,-9.43,-9.43,-9.43,30.57,-2.58,-2.58,17.42,-2.58,-2.58,-2.58,-2.58,-2.58,17.42,-2.58,-0.67,19.33,-0.67,-0.67,-0.67,-0.67,-0.67,-0.67,-0.67,-0.67
0.0475,-9.43,10.57,30.57,-9.43,-9.43,-9.43,-9.43,10.57,-9.43,30.57,-2.58,37.42,-2.58,-2.58,-2.58,-2.58,-2.58,-2.58,-2.58,-2.58,-0.67,-0.67,-0.67,-0.67,-0.67,-0.67,-0.67,-0.67,-0.67,-0.67
0.0485,10.57,30.57,30.57,10.57,10.57,-9.43,-9.43,-9.43,10.57,-9.43,-2.58,-2.58,-2.58,-2.58,-2.58,-2.58,-2.58,-2.58,-2.58,17.42,-0.67,19.33,-0.67,-0.67,-0.67,-0.67,-0.67,-0.67,-0.67,-0.67
0.0495,-9.43,30.57,50.57,30.57,-9.43,-9.43,10.57,-9.43,-9.43,-9.43,-2.58,-2.58,-2.58,-2.58,-2.58,17.42,-2.58,-2.58,17.42,-2.58,-0.67,-0.67,-0.67,-0.67,-0.67,-0.67,-0.67,-0.67,-0.67,-0.67
0.0505,10.57,10.57,-9.43,-9.43,-9.43,10.57,-9.43,-9.43,-9.43,-9.43,-2.58,-2.58,-2.58,-2.58,-2.58,-2.58,-2.58,17.42,-2.58,-2.58,-0.67,-0.67,-0.67,-0.67,-0.67,-0.67,-0.67,-0.67,-0.67,-0.67
0.0515,10.57,10.57,10.57,-9.43,-9.43,-9.43,-9.43,-9.43,10.57,10.57,-2.58,17.42,-2.58,-2.58,-2.58,-2.58,-2.58,-2.58,-2.58,-2.58,-0.67,-0.67,-0.67,-0.67,-0.67,-0.67,-0.67,-0.67,-0.67,-0.67
0.0525,-9.43,30.57,10.57,10.57,-9.43,10.57,-9.43,10.57,-9.43,-9.43,-2.58,-2.58,-2.58,-2.58,-2.58,-2.58,-2.58,-2.58,-2.58,-2.58,-0.67,-0.67,-0.67,-0.67,-0.67,-0.67,-0.67,-0.67,-0.67,-0.67
0.0535,10.57,-9.43,30.57,10.57,-9.43,10.57,10.57,-9.43,-9.43,-9.43,-2.58,-2.58,-2.58,-2.58,-2.58,-2.58,17.42,-2.58,-2.58,-2.58,-0.67,-0.67,-0.67,-0.67,-0.67,-0.67,-0.67,-0.67,-0.67,-0.67
0.0545,-9.43,10.57,-9.43,10.57,-9.43,-9.43,-9.43,-9.43,-9.43,10.57,-2.58,-2.58,-2.58,-2.58,-2.58,17.42,-2.58,-2.58,-2.58,-2.58,-0.67,-0.67,-0.67,-0.67,-0.67,-0.67,-0.67,-0.67,-0.67,-0.67
0.0555,-9.43,-9.43,10.57,-9.43,10.57,10.57,-9.43,-9.43,-9.43,-9.43,-2.58,-2.58,-2.58,-2.58,-2.58,-2.58,17.42,-2.58,-2.58,-2.58,-0.67,-0.67,19.33,-0.67,-0.67,-0.67,-0.67,-0.67,-0.67,-0.67
0.0565,10.57,-9.43,30.57,10.57,-9.43,10.57,10.57,30.57,-9.43,-9.43,-2.58,-2.58,-2.58,-2.58,-2.58,-2.58,-2.58,-2.58,-2.58,17.42,-0.67,-0.67,-0.67,-0.67,-0.67,-0.67,-0.67,19.33,-0.67,-0.67
0.0575,-9.43,-9.43,50.57,10.57,-9.43,-9.43,-9.43,-9.43,-9.43,-9.43,-2.58,-2.58,-2.58,-2.58,-2.58,17.42,-2.58,-2.58,-2.58,-2.58,-0.67,-0.67,-0.67,-0.67,-0.67,-0.67,-0.67,-0.67,-0.67,-0.67
0.0585,10.57,10.57,30.57,-9.43,10.57,10.57,10.57,-9.43,-9.43,-9.43,-2.58,-2.58,-2.58,-2.58,-2.58,-2.58,-2.58,-2.58,-2.58,17.42,-0.67,-0.67,-0.67,-0.67,-0.67,-0.67,-0.67,-0.67,-0.67,-0.67
0.0595,-9.43,-9.43,-9.43,-9.43,-9.43,-9.43,-9.43,-9.43,10.57,-9.43,-2.58,-2.58,-2.58,-2.58,-2.58,-2.58,-2.58,-2.58,-2.58,-2.58,-0.67,-0.67,-0.67,-0.67,-0.67,-0.67,-0.67,-0.67,-0.67,-0.67
0.0605,10.57,30.57,30.57,-9.43,-9.43,-9.43,-9.43,-9.43,-9.43,-9.43,-2.58,17.42,-2.58,-2.58,-2.58,-2.58,17.42,-2.58,-2.58,-2.58,-0.67,-0.67,-0.67,-0.67,-0.67,-0.67,-0.67,-0.67,-0.67,-0.67
0.0615,-9.43,10.57,-9.43,-9.43,-9.43,10.57,-9.43,10.57,10.57,10.57,-2.58,-2.58,-2.58,17.42,-2.58,17.42,-2.58,-2.58,-2.58,-2.58,-0.67,-0.67,-0.67,-0.67,-0.67,-0.67,-0.67,-0.67,-0.67,-0.67
0.0625,-9.43,-9.43,10.57,-9.43,10.57,10.57,10.57,-9.43,10.57,-9.43,-2.58,-2.58,-2.58,-2.58,-2.58,-2.58,-2.58,17.42,-2.58,-2.58,-0.67,-0.67,-0.67,-0.67,-0.67,-0.67,-0.67,-0.67,-0.67,19.33
0.0635,10.57,-9.43,30.57,10.57,30.57,10.57,-9.43,-9.43,-9.43,-9.43,-2.58,-2.58,17.42,-2.58,-2.58,-2.58,17.42,17.42,37.42,-2.58,-0.67,-0.67,-0.67,-0.67,-0.67,-0.67,-0.67,-0.67,-0.67,-0.67
0.0645,-9.43,-9.43,30.57,10.57,-9.43,10.57,10.57,-9.43,10.57,-9.43,-2.58,-2.58,-2.58,-2.58,-2.58,17.42,-2.58,-2.58,-2.58,-2.58,-0.67,-0.67,-0.67,-0.67,-0.67,-0.67,-0.67,-0.67,-0.67,-0.67
0.0655,-9.43,10.57,10.57,-9.43,-9.43,50.57,10.57,-9.43,10.57,10.57,-2.58,-2.58,-2.58,-2.58,-2.58,17.42,-2.58,-2.58,17.42,17.42,-0.67,-0.67,-0.67,-0.67,-0.67,-0.67,-0.67,19.33,19.33,-0.67
0.0665,-9.43,-9.43,30.57,-9.43,10.57,-9.43,30.57,50.57,50.57,-9.43,-2.58,-2.58,-2.58,-2.58,-2.58,-2.58,17.42,17.42,37.42,-2.58,-0.67,-0.67,-0.67,-0.67,-0.67,-0.67,-0.67,39.33,-0.67,-0.67
0.0675,-9.43,-9.43,10.57,-9.43,10.57,10.57,10.57,10.57,10.57,-9.43,-2.58,-2.58,-2.58,-2.58,-2.58,-2.58,-2.58,-2.58,37.42,-2.58,-0.67,-0.67,-0.67,-0.67,-0.67,-0.67,-0.67,19.33,-0.67,-0.67
0.0685,-9.43,30.57,30.57,-9.43,-9.43,50.57,-9.43,10.57,10.57,10.57,-2.58,-2.58,-2.58,-2.58,37.42,-2.58,17.42,77.42,37.42,-2.58,-0.67,-0.67,-0.67,-0.67,-0.67,-0.67,19.33,-0.67,-0.67,-0.67
0.0695,-9.43,30.57,10.57,-9.43,10.57,30.57,30.57,10.57,30.57,-9.43,-2.58,-2.58,-2.58,-2.58,-2.58,37.42,-2.58,-2.58,37.42,17.42,-0.67,-0.67,-0.67,-0.67,-0.67,19.33,-0.67,-0.67,19.33,-0.67
0.0705,-9.43,-9.43,70.57,-9.43,10.57,30.57,10.57,-9.43,-9.43,-9.43,-2.58,17.42,-2.58,-2.58,17.42,-2.58,17.42,-2.58,-2.58,37.42,-0.67,-0.67,-0.67,-0.67,-0.67,-0.67,-0.67,-0.67,19.33,-0.67
0.0715,10.57,-9.43,90.57,-9.43,10.57,70.57,10.57,50.57,50.57,30.57,-2.58,17.42,-2.58,-2.58,-2.58,-2.58,17.42,-2.58,-2.58,-2.58,-0.67,-0.67,-0.67,-0.67,-0.67,-0.67,-0.67,-0.67,-0.67,-0.67
0.0725,-9.43,-9.43,-9.43,-9.43,10.57,-9.43,10.57,10.57,30.57,10.57,-2.58,-2.58,-2.58,-2.58,17.42,17.42,17.42,-2.58,37.42,37.42,-0.67,-0.67,-0.67,-0.67,-0.67,-0.67,19.33,-0.67,-0.67,-0.67
0.0735,-9.43,10.57,-9.43,-9.43,-9.43,50.57,-9.43,30.57,70.57,30.57,-2.58,-2.58,-2.58,-2.58,-2.58,37.42,17.42,17.42,37.42,-2.58,-0.67,-0.67,-0.67,-0.67,-0.67,19.33,-0.67,-0.67,-0.67,-0.67
0.0745,10.57,10.57,-9.43,10.57,10.57,30.57,10.57,-9.43,90.57,50.57,-2.58,17.42,-2.58,-2.58,-2.58,17.42,-2.58,17.42,-2.58,-2.58,-0.67,-0.67,-0.67,-0.67,19.33,-0.67,-0.67,19.33,-0.67,-0.67
0.0755,-9.43,-9.43,30.57,-9.43,10.57,50.57,-9.43,30.57,10.57,-9.43,-2.58,17.42,-2.58,-2.58,-2.58,-2.58,-2.58,-2.58,-2.58,-2.58,-0.67,-0.67,-0.67,-0.67,-0.67,-0.67,-0.67,19.33,19.33,19.33
0.0765,-9.43,10.57,30.57,-9.43,30.57,30.57,-9.43,10.57,50.57,30.57,-2.58,-2.58,-2.58,-2.58,-2.58,37.42,77.42,37.42,17.42,-2.58,-0.67,-0.67,-0.67,-0.67,-0.67,-0.67,19.33,19.33,19.33,-0.67
0.0775,-9.43,30.57,30.57,-9.43,10.57,10.57,10.57,10.57,30.57,30.57,-2.58,-2.58,-2.58,-2.58,-2.58,17.42,-2.58,17.42,17.42,57.42,-0.67,-0.67,-0.67,-0.67,-0.67,-0.67,-0.67,-0.67,-0.67,-0.67
0.0785,-9.43,30.57,30.57,-9.43,10.57,30.57,-9.43,10.57,50.57,50.57,-2.58,-2.58,-2.58,-2.58,17.42,57.42,57.42,37.42,-2.58,17.42,-0.67,-0.67,-0.67,-0.67,-0.67,-0.67,19.33,19.33,-0.67,-0.67
0.0795,-9.43,10.57,-9.43,-9.43,30.57,10.57,30.57,10.57,30.57,130.57,-2.58,-2.58,-2.58,-2.58,-2.58,-2.58,17.42,17.42,17.42,17.42,-0.67,-0.67,-0.67,-0.67,-0.67,-0.67,19.33,-0.67,-0.67,-0.67
0.0805,-9.43,10.57,-9.43,-9.43,70.57,70.57,70.57,110.57,10.57,50.57,-2.58,-2.58,17.42,-2.58,-2.58,17.42,37.42,-2.58,-2.58,-2.58,-0.67,19.33,-0.67,-0.67,-0.67,-0.67,-0.67,19.33,-0.67,-0.67
0.0815,-9.43,10.57,10.57,-9.43,70.57,30.57,10.57,50.57,70.57,10.57,-2.58,-2.58,-2.58,-2.58,17.42,37.42,57.42,37.42,37.42,37.42,-0.67,-0.67,-0.67,19.33,-0.67,19.33,19.33,-0.67,-0.67,19.33
0.0825,-9.43,-9.43,-9.43,-9.43,10.57,50.57,10.57,50.57,30.57,-9.43,-2.58,-2.58,-2.58,-2.58,17.42,37.42,37.42,-2.58,-2.58,17.42,-0.67,-0.67,-0.67,19.33,-0.67,-0.67,-0.67,19.33,-0.67,-0.67
0.0835,-9.43,30.57,-9.43,10.57,10.57,50.57,50.57,10.57,70.57,90.57,17.42,17.42,-2.58,-2.58,17.42,57.42,-2.58,-2.58,17.42,17.42,-0.67,-0.67,-0.67,-0.67,19.33,-0.67,-0.67,19.33,-0.67,-0.67
0.0845,-9.43,-9.43,-9.43,10.57,110.57,70.57,30.57,10.57,70.57,90.57,-2.58,-2.58,-2.58,37.42,37.42,-2.58,17.42,17.42,-2.58,-2.58,-0.67,-0.67,-0.67,-0.67,-0.67,-0.67,-0.67,-0.67,-0.67,-0.67
0.0855,10.57,-9.43,10.57,10.57,50.57,70.57,110.57,10.57,-9.43,50.57,-2.58,-2.58,-2.58,-2.58,17.42,17.42,-2.58,-2.58,-2.58,17.42,-0.67,19.33,-0.67,-0.67,-0.67,19.33,19.33,-0.67,19.33,-0.67
0.0865,-9.43,30.57,-9.43,10.57,50.57,70.57,10.57,50.57,70.57,50.57,-2.58,-2.58,-2.58,-2.58,37.42,17.42,-2.58,17.42,-2.58,37.42,-0.67,-0.67,-0.67,-0.67,19.33,-0.67,19.33,-0.67,-0.67,-0.67
0.0875,-9.43,30.57,10.57,50.57,90.57,-9.43,-9.43,70.57,10.57,70.57,-2.58,37.42,-2.58,-2.58,17.42,17.42,17.42,-2.58,17.42,-2.58,-0.67,-0.67,-0.67,-0.67,-0.67,-0.67,-0.67,-0.67,-0.67,19.33
0.0885,-9.43,10.57,-9.43,70.57,130.57,130.57,10.57,10.57,-9.43,30.57,-2.58,-2.58,-2.58,57.42,57.42,-2.58,17.42,-2.58,-2.58,17.42,-0.67,-0.67,-0.67,19.33,-0.67,-0.67,-0.67,-0.67,-0.67,19.33
0.0895,-9.43,10.57,-9.43,50.57,50.57,30.57,50.57,50.57,10.57,50.57,-2.58,17.42,-2.58,17.42,37.42,17.42,-2.58,17.42,17.42,17.42,-0.67,-0.67,-0.67,-0.67,-0.67,-0.67,-0.67,-0.67,-0.67,-0.67
0.0905,10.57,-9.43,-9.43,70.57,110.57,10.57,30.57,110.57,10.57,50.57,-2.58,-2.58,-2.58,77.42,57.42,-2.58,17.42,17.42,17.42,17.42,-0.67,-0.67,-0.67,-0.67,19.33,-0.67,-0.67,-0.67,-0.67,19.33
0.0915,10.57,110.57,10.57,10.57,30.57,30.57,90.57,-9.43,50.57,90.57,-2.58,-2.58,-2.58,57.42,37.42,-2.58,-2.58,37.42,-2.58,37.42,-0.67,-0.67,-0.67,-0.67,19.33,-0.67,-0.67,19.33,-0.67,19.33
0.0925,10.57,-9.43,-9.43,50.57,50.57,10.57,30.57,10.57,10.57,70.57,17.42,-2.58,-2.58,17.42,37.42,-2.58,37.42,17.42,-2.58,-2.58,-0.67,19.33,-0.67,19.33,-0.67,-0.67,-0.67,-0.67,-0.67,-0.67
0.0935,10.57,10.57,30.57,90.57,50.57,50.57,10.57,-9.43,90.57,50.57,-2.58,-2.58,-2.58,17.42,57.42,-2.58,-2.58,-2.58,17.42,-2.58,-0.67,-0.67,-0.67,19.33,-0.67,-0.67,19.33,-0.67,-0.67,-0.67
0.0945,10.57,30.57,10.57,30.57,110.57,10.57,50.57,50.57,-9.43,170.57,-2.58,-2.58,-2.58,17.42,-2.58,-2.58,17.42,-2.58,-2.58,-2.58,-0.67,-0.67,-0.67,-0.67,-0.67,-0.67,-0.67,-0.67,19.33,-0.67
0.0955,-9.43,30.57,10.57,30.57,50.57,10.57,-9.43,10.57,-9.43,50.57,17.42,17.42,-2.58,-2.58,-2.58,-2.58,-2.58,37.42,37.42,-2.58,-0.67,-0.67,-0.67,-0.67,-0.67,19.33,-0.67,-0.67,-0.67,-0.67
0.0965,30.57,30.57,10.57,10.57,50.57,10.57,10.57,10.57,50.57,10.57,17.42,-2.58,-2.58,17.42,-2.58,-2.58,-2.58,-2.58,-2.58,17.42,-0.67,19.33,-0.67,-0.67,19.33,-0.67,-0.67,-0.67,-0.67,-0.67
0.0975,-9.43,70.57,-9.43,30.57,10.57,10.57,-9.43,-9.43,10.57,10.57,-2.58,-2.58,-2.58,-2.58,-2.58,-2.58,-2.58,-2.58,-2.58,-2.58,-0.67,-0.67,-0.67,-0.67,-0.67,-0.67,-0.67,-0.67,-0.67,-0.67
0.0985,10.57,30.57,-9.43,50.57,30.57,10.57,-9.43,-9.43,-9.43,50.57,17.42,-2.58,17.42,-2.58,-2.58,-2.58,-2.58,-2.58,17.42,-2.58,-0.67,19.33,-0.67,-0.67,-0.67,-0.67,-0.67,-0.67,-0.67,-0.67
0.0995,-9.43,50.57,-9.43,10.57,10.57,30.57,-9.43,10.57,-9.43,10.57,-2.58,-2.58,-2.58,-2.58,-2.58,-2.58,-2.58,-2.58,17.42,-2.58,-0.67,-0.67,-0.67,19.33,-0.67,-0.67,-0.67,-0.67,-0.67,-0.67
0.1005,-9.43,30.57,-9.43,-9.43,30.57,10.57,-9.43,-9.43,10.57,30.57,-2.58,-2.58,-2.58,-2.58,-2.58,-2.58,-2.58,-2.58,-2.58,-2.58,-0.67,-0.67,-0.67,19.33,-0.67,-0.67,-0.67,-0.67,-0.67,-0.67
0.1015,-9.43,10.57,-9.43,10.57,10.57,-9.43,-9.43,10.57,30.57,10.57,17.42,-2.58,-2.58,37.42,-2.58,-2.58,-2.58,-2.58,-2.58,-2.58,-0.67,-0.67,-0.67,19.33,-0.67,-0.67,-0.67,-0.67,-0.67,-0.67
0.1025,-9.43,70.57,-9.43,10.57,30.57,-9.43,-9.43,10.57,10.57,10.57,-2.58,-2.58,17.42,-2.58,-2.58,-2.58,-2.58,-2.58,-2.58,17.42,-0.67,-0.67,-0.67,-0.67,-0.67,-0.67,-0.67,-0.67,-0.67,-0.67
0.1035,-9.43,10.57,10.57,10.57,10.57,-9.43,-9.43,-9.43,10.57,10.57,-2.58,-2.58,-2.58,-2.58,-2.58,-2.58,17.42,-2.58,-2.58,-2.58,-0.67,-0.67,-0.67,-0.67,-0.67,-0.67,-0.67,-0.67,-0.67,19.33
0.1045,-9.43,30.57,-9.43,10.57,-9.43,-9.43,-9.43,10.57,10.57,50.57,-2.58,-2.58,-2.58,-2.58,-2.58,-2.58,-2.58,-2.58,-2.58,-2.58,-0.67,-0.67,-0.67,39.33,-0.67,-0.67,-0.67,-0.67,-0.67,-0.67
0.1055,-9.43,-9.43,-9.43,-9.43,-9.43,-9.43,-9.43,-9.43,10.57,-9.43,-2.58,17.42,-2.58,-2.58,-2.58,-2.58,-2.58,-2.58,17.42,-2.58,-0.67,-0.67,-0.67,-0.67,-0.67,-0.67,-0.67,-0.67,-0.67,-0.67
0.1065,-9.43,30.57,-9.43,30.57,-9.43,-9.43,-9.43,10.57,-9.43,30.57,-2.58,-2.58,-2.58,-2.58,-2.58,-2.58,-2.58,-2.58,-2.58,-2.58,-0.67,-0.67,19.33,-0.67,-0.67,-0.67,-0.67,-0.67,-0.67,-0.67
0.1075,-9.43,-9.43,-9.43,10.57,10.57,-9.43,-9.43,-9.43,50.57,10.57,-2.58,-2.58,-2.58,-2.58,-2.58,-2.58,-2.58,-2.58,-2.58,-2.58,-0.67,-0.67,-0.67,-0.67,-0.67,-0.67,-0.67,-0.67,-0.67,-0.67
0.1085,10.57,30.57,30.57,-9.43,-9.43,-9.43,-9.43,10.57,10.57,-9.43,-2.58,-2.58,-2.58,-2.58,-2.58,-2.58,-2.58,-2.58,-2.58,-2.58,-0.67,-0.67,-0.67,-0.67,-0.67,-0.67,-0.67,-0.67,-0.67,-0.67
0.1095,-9.43,-9.43,-9.43,50.57,-9.43,10.57,-9.43,-9.43,10.57,-9.43,-2.58,-2.58,-2.58,-2.58,-2.58,-2.58,-2.58,17.42,-2.58,-2.58,-0.67,-0.67,-0.67,-0.67,-0.67,-0.67,-0.67,-0.67,-0.67,-0.67
0.1105,10.57,10.57,-9.43,30.57,-9.43,-9.43,10.57,-9.43,10.57,-9.43,-2.58,-2.58,-2.58,-2.58,-2.58,-2.58,-2.58,-2.58,-2.58,-2.58,-0.67,-0.67,-0.67,-0.67,-0.67,19.33,-0.67,-0.67,19.33,-0.67
0.1115,-9.43,-9.43,-9.43,-9.43,-9.43,-9.43,-9.43,-9.43,-9.43,10.57,-2.58,-2.58,-2.58,-2.58,-2.58,-2.58,-2.58,-2.58,-2.58,-2.58,-0.67,-0.67,-0.67,-0.67,-0.67,-0.67,-0.67,-0.67,-0.67,-0.67
0.1125,-9.43,10.57,-9.43,-9.43,-9.43,10.57,-9.43,-9.43,-9.43,-9.43,-2.58,-2.58,-2.58,-2.58,-2.58,-2.58,-2.58,-2.58,-2.58,-2.58,-0.67,19.33,-0.67,-0.67,-0.67,-0.67,-0.67,-0.67,-0.67,-0.67
0.1135,10.57,-9.43,-9.43,-9.43,-9.43,-9.43,-9.43,-9.43,10.57,10.57,-2.58,-2.58,-2.58,-2.58,-2.58,-2.58,-2.58,-2.58,-2.58,-2.58,-0.67,-0.67,-0.67,-0.67,-0.67,-0.67,-0.67,-0.67,-0.67,-0.67
0.1145,10.57,10.57,-9.43,-9.43,-9.43,-9.43,-9.43,-9.43,-9.43,10.57,-2.58,-2.58,-2.58,-2.58,-2.58,-2.58,-2.58,-2.58,-2.58,-2.58,-0.67,-0.67,-0.67,-0.67,-0.67,-0.67,-0.67,-0.67,-0.67,-0.67
0.1155,-9.43,10.57,-9.43,-9.43,-9.43,30.57,-9.43,-9.43,10.57,10.57,-2.58,-2.58,-2.58,-2.58,-2.58,-2.58,-2.58,-2.58,-2.58,-2.58,19.33,-0.67,-0.67,-0.67,-0.67,-0.67,-0.67,-0.67,-0.67,-0.67
0.1165,-9.43,-9.43,-9.43,10.57,10.57,-9.43,10.57,-9.43,-9.43,10.57,-2.58,-2.58,37.42,-2.58,-2.58,-2.58,17.42,-2.58,-2.58,17.42,-0.67,-0.67,-0.67,-0.67,-0.67,-0.67,-0.67,-0.67,-0.67,-0.67
0.1175,-9.43,-9.43,10.57,-9.43,-9.43,10.57,-9.43,-9.43,-9.43,-9.43,17.42,-2.58,-2.58,17.42,-2.58,-2.58,-2.58,-2.58,-2.58,-2.58,-0.67,-0.67,-0.67,-0.67,-0.67,-0.67,-0.67,-0.67,-0.67,-0.67
0.1185,10.57,-9.43,10.57,-9.43,-9.43,-9.43,10.57,-9.43,-9.43,-9.43,-2.58,-2.58,-2.58,-2.58,-2.58,-2.58,-2.58,-2.58,-2.58,17.42,-0.67,-0.67,-0.67,-0.67,-0.67,-0.67,-0.67,-0.67,-0.67,-0.67
0.1195,30.57,-9.43,-9.43,-9.43,-9.43,-9.43,-9.43,10.57,-9.43,10.57,-2.58,-2.58,-2.58,17.42,-2.58,-2.58,17.42,-2.58,-2.58,-2.58,-0.67,-0.67,-0.67,-0.67,-0.67,-0.67,-0.67,-0.67,-0.67,-0.67
0.1205,10.57,-9.43,30.57,10.57,-9.43,-9.43,-9.43,-9.43,-9.43,-9.43,-2.58,-2.58,-2.58,-2.58,-2.58,-2.58,17.42,-2.58,-2.58,-2.58,19.33,-0.67,-0.67,-0.67,-0.67,-0.67,-0.67,-0.67,-0.67,-0.67
0.1215,30.57,10.57,10.57,-9.43,-9.43,-9.43,10.57,-9.43,10.57,-9.43,-2.58,-2.58,-2.58,-2.58,-2.58,-2.58,-2.58,-2.58,17.42,-2.58,-0.67,-0.67,-0.67,-0.67,-0.67,-0.67,-0.67,-0.67,-0.67,-0.67
0.1225,10.57,-9.43,-9.43,10.57,-9.43,-9.43,-9.43,30.57,10.57,-9.43,17.42,-2.58,17.42,-2.58,-2.58,-2.58,-2.58,-2.58,-2.58,-2.58,-0.67,-0.67,-0.67,-0.67,-0.67,-0.67,-0.67,-0.67,-0.67,-0.67
0.1235,-9.43,10.57,-9.43,-9.43,-9.43,10.57,-9.43,-9.43,-9.43,-9.43,-2.58,-2.58,-2.58,-2.58,-2.58,-2.58,17.42,-2.58,-2.58,-2.58,-0.67,-0.67,-0.67,-0.67,-0.67,-0.67,-0.67,-0.67,19.33,-0.67
0.1245,10.57,10.57,10.57,-9.43,-9.43,10.57,10.57,10.57,10.57,-9.43,-2.58,17.42,-2.58,-2.58,-2.58,-2.58,-2.58,-2.58,-2.58,-2.58,-0.67,-0.67,-0.67,-0.67,-0.67,-0.67,-0.67,-0.67,-0.67,-0.67
0.1255,10.57,-9.43,-9.43,50.57,-9.43,-9.43,-9.43,10.57,-9.43,50.57,-2.58,-2.58,-2.58,-2.58,-2.58,17.42,-2.58,-2.58,-2.58,-2.58,-0.67,-0.67,-0.67,-0.67,-0.67,-0.67,19.33,-0.67,-0.67,-0.67
0.1265,-9.43,-9.43,-9.43,-9.43,-9.43,-9.43,-9.43,-9.43,-9.43,-9.43,-2.58,-2.58,-2.58,17.42,-2.58,-2.58,-2.58,-2.58,-2.58,-2.58,-0.67,-0.67,-0.67,-0.67,19.33,-0.67,-0.67,-0.67,-0.67,-0.67
0.1275,-9.43,-9.43,-9.43,-9.43,-9.43,10.57,-9.43,-9.43,30.57,-9.43,-2.58,-2.58,-2.58,-2.58,-2.58,-2.58,-2.58,-2.58,-2.58,-2.58,-0.67,-0.67,-0.67,-0.67,-0.67,-0.67,-0.67,-0.67,-0.67,-0.67
0.1285,10.57,-9.43,-9.43,50.57,-9.43,-9.43,10.57,10.57,30.57,10.57,-2.58,-2.58,-2.58,17.42,-2.58,-2.58,-2.58,-2.58,-2.58,-2.58,-0.67,-0.67,-0.67,-0.67,-0.67,-0.67,-0.67,-0.67,-0.67,-0.67
0.1295,-9.43,-9.43,30.57,10.57,-9.43,-9.43,-9.43,-9.43,-9.43,-9.43,-2.58,-2.58,-2.58,-2.58,17.42,-2.58,-2.58,-2.58,17.42,-2.58,-0.67,-0.67,-0.67,-0.67,-0.67,-0.67,-0.67,-0.67,-0.67,-0.67
0.1305,-9.43,-9.43,30.57,-9.43,-9.43,-9.43,10.57,50.57,10.57,10.57,-2.58,-2.58,-2.58,-2.58,-2.58,-2.58,-2.58,-2.58,-2.58,-2.58,-0.67,-0.67,-0.67,-0.67,-0.67,-0.67,-0.67,-0.67,-0.67,-0.67
0.1315,-9.43,10.57,10.57,-9.43,-9.43,-9.43,10.57,-9.43,10.57,-9.43,-2.58,17.42,-2.58,-2.58,-2.58,-2.58,-2.58,-2.58,-2.58,-2.58,-0.67,-0.67,-0.67,-0.67,-0.67,-0.67,-0.67,-0.67,-0.67,-0.67
0.1325,10.57,-9.43,30.57,10.57,-9.43,-9.43,10.57,10.57,10.57,-9.43,-2.58,-2.58,-2.58,-2.58,-2.58,-2.58,-2.58,-2.58,-2.58,-2.58,-0.67,-0.67,-0.67,-0.67,-0.67,19.33,-0.67,-0.67,-0.67,-0.67
0.1335,10.57,10.57,10.57,-9.43,-9.43,-9.43,10.57,10.57,10.57,-9.43,-2.58,-2.58,-2.58,-2.58,-2.58,-2.58,17.42,-2.58,-2.58,-2.58,-0.67,-0.67,-0.67,-0.67,-0.67,-0.67,-0.67,-0.67,-0.67,-0.67
0.1345,-9.43,-9.43,-9.43,-9.43,-9.43,10.57,-9.43,-9.43,50.57,-9.43,-2.58,-2.58,-2.58,-2.58,17.42,-2.58,-2.58,-2.58,-2.58,-2.58,19.33,-0.67,-0.67,-0.67,-0.67,-0.67,-0.67,-0.67,-0.67,-0.67
0.1355,10.57,-9.43,10.57,10.57,-9.43,30.57,-9.43,50.57,10.57,10.57,-2.58,-2.58,-2.58,-2.58,-2.58,-2.58,-2.58,-2.58,-2.58,-2.58,-0.67,-0.67,-0.67,-0.67,-0.67,-0.67,-0.67,-0.67,-0.67,-0.67
0.1365,-9.43,10.57,10.57,10.57,-9.43,10.57,10.57,-9.43,10.57,-9.43,-2.58,-2.58,-2.58,-2.58,-2.58,17.42,37.42,-2.58,-2.58,-2.58,-0.67,-0.67,-0.67,-0.67,-0.67,-0.67,-0.67,-0.67,-0.67,-0.67
0.1375,-9.43,30.57,30.57,10.57,-9.43,30.57,10.57,-9.43,-9.43,-9.43,17.42,-2.58,-2.58,-2.58,37.42,-2.58,-2.58,-2.58,-2.58,-2.58,-0.67,-0.67,-0.67,-0.67,-0.67,-0.67,-0.67,-0.67,-0.67,-0.67
0.1385,30.57,-9.43,10.57,10.57,-9.43,-9.43,10.57,-9.43,-9.43,10.57,-2.58,17.42,-2.58,17.42,-2.58,-2.58,-2.58,-2.58,-2.58,-2.58,-0.67,-0.67,-0.67,-0.67,-0.67,-0.67,-0.67,-0.67,-0.67,-0.67
0.1395,50.57,-9.43,30.57,10.57,10.57,10.57,50.57,50.57,50.57,30.57,-2.58,-2.58,-2.58,-2.58,-2.58,37.42,17.42,-2.58,17.42,-2.58,-0.67,-0.67,-0.67,-0.67,-0.67,-0.67,39.33,-0.67,-0.67,-0.67
0.1405,-9.43,-9.43,-9.43,30.57,10.57,70.57,70.57,-9.43,30.57,10.57,-2.58,-2.58,-2.58,-2.58,17.42,-2.58,17.42,37.42,77.42,17.42,-0.67,-0.67,-0.67,-0.67,-0.67,-0.67,19.33,-0.67,39.33,19.33
0.1415,-9.43,10.57,-9.43,30.57,70.57,50.57,10.57,130.57,30.57,30.57,-2.58,-2.58,17.42,17.42,-2.58,37.42,-2.58,17.42,37.42,-2.58,-0.67,-0.67,-0.67,19.33,-0.67,-0.67,-0.67,-0.67,-0.67,-0.67
0.1425,-9.43,-9.43,10.57,10.57,30.57,110.57,50.57,70.57,70.57,30.57,-2.58,-2.58,-2.58,17.42,37.42,37.42,97.42,17.42,37.42,-2.58,-0.67,-0.67,-0.67,-0.67,-0.67,-0.67,-0.67,-0.67,39.33,19.33
0.1435,-9.43,10.57,-9.43,70.57,90.57,50.57,70.57,110.57,130.57,70.57,-2.58,-2.58,17.42,37.42,17.42,17.42,37.42,17.42,37.42,17.42,-0.67,-0.67,-0.67,-0.67,-0.67,19.33,-0.67,-0.67,-0.67,-0.67
0.1445,10.57,-9.43,10.57,150.57,30.57,70.57,70.57,170.57,50.57,110.57,-2.58,-2.58,-2.58,-2.58,17.42,17.42,37.42,37.42,-2.58,-2.58,-0.67,-0.67,-0.67,-0.67,-0.67,19.33,59.33,-0.67,19.33,19.33
0.1455,-9.43,-9.43,10.57,30.57,210.57,170.57,90.57,150.57,170.57,70.57,17.42,-2.58,-2.58,37.42,17.42,17.42,57.42,57.42,37.42,37.42,-0.67,-0.67,-0.67,-0.67,19.33,19.33,-0.67,59.33,19.33,19.33
0.1465,10.57,-9.43,-9.43,30.57,130.57,170.57,150.57,210.57,170.57,90.57,-2.58,-2.58,37.42,17.42,37.42,17.42,77.42,57.42,-2.58,17.42,-0.67,-0.67,-0.67,19.33,-0.67,19.33,39.33,19.33,-0.67,-0.67
0.1475,-9.43,10.57,-9.43,30.57,130.57,170.57,90.57,190.57,190.57,90.57,-2.58,17.42,37.42,77.42,37.42,17.42,37.42,37.42,17.42,17.42,-0.67,19.33,-0.67,-0.67,19.33,19.33,-0.67,39.33,19.33,-0.67
0.1485,10.57,-9.43,30.57,90.57,110.57,150.57,110.57,190.57,130.57,190.57,-2.58,-2.58,37.42,17.42,37.42,77.42,37.42,-2.58,-2.58,17.42,-0.67,19.33,-0.67,19.33,19.33,-0.67,-0.67,-0.67,-0.67,19.33
0.1495,-9.43,-9.43,110.57,110.57,150.57,150.57,150.57,170.57,210.57,130.57,-2.58,-2.58,-2.58,-2.58,37.42,17.42,-2.58,17.42,37.42,-2.58,-0.67,-0.67,-0.67,-0.67,59.33,19.33,-0.67,39.33,-0.67,39.33
0.1505,-9.43,-9.43,110.57,70.57,70.57,110.57,90.57,190.57,110.57,170.57,-2.58,-2.58,-2.58,17.42,-2.58,-2.58,-2.58,-2.58,17.42,37.42,-0.67,-0.67,19.33,19.33,19.33,19.33,-0.67,19.33,19.33,-0.67
0.1515,-9.43,10.57,70.57,30.57,110.57,130.57,110.57,110.57,110.57,170.57,-2.58,-2.58,-2.58,17.42,37.42,17.42,-2.58,-2.58,37.42,-2.58,-0.67,-0.67,-0.67,19.33,-0.67,59.33,39.33,19.33,19.33,19.33
0.1525,-9.43,-9.43,50.57,70.57,50.57,70.57,70.57,130.57,110.57,70.57,-2.58,-2.58,-2.58,17.42,57.42,-2.58,-2.58,-2.58,57.42,37.42,-0.67,-0.67,-0.67,19.33,-0.67,-0.67,-0.67,-0.67,-0.67,-0.67
0.1535,-9.43,-9.43,30.57,50.57,90.57,50.57,130.57,10.57,50.57,170.57,-2.58,37.42,17.42,-2.58,-2.58,17.42,17.42,-2.58,-2.58,37.42,-0.67,-0.67,19.33,19.33,-0.67,-0.67,-0.67,-0.67,-0.67,-0.67
0.1545,-9.43,10.57,30.57,50.57,90.57,30.57,110.57,30.57,90.57,150.57,-2.58,-2.58,-2.58,17.42,17.42,17.42,-2.58,-2.58,-2.58,-2.58,-0.67,-0.67,-0.67,-0.67,19.33,-0.67,-0.67,-0.67,-0.67,-0.67
0.1555,-9.43,30.57,30.57,90.57,10.57,30.57,90.57,50.57,50.57,130.57,-2.58,37.42,57.42,37.42,-2.58,-2.58,-2.58,-2.58,-2.58,-2.58,-0.67,-0.67,39.33,19.33,-0.67,-0.67,-0.67,-0.67,-0.67,-0.67
0.1565,-9.43,10.57,50.57,30.57,150.57,90.57,30.57,10.57,70.57,130.57,-2.58,-2.58,17.42,-2.58,-2.58,-2.58,-2.58,-2.58,17.42,-2.58,-0.67,-0.67,-0.67,-0.67,-0.67,-0.67,-0.67,-0.67,-0.67,-0.67
0.1575,-9.43,-9.43,70.57,70.57,30.57,-9.43,70.57,50.57,10.57,50.57,-2.58,17.42,17.42,-2.58,-2.58,17.42,-2.58,-2.58,17.42,17.42,-0.67,39.33,-0.67,-0.67,-0.67,-0.67,-0.67,-0.67,-0.67,-0.67
0.1585,-9.43,10.57,70.57,30.57,30.57,10.57,30.57,10.57,30.57,90.57,-2.58,-2.58,17.42,-2.58,-2.58,-2.58,-2.58,-2.58,-2.58,-2.58,-0.67,19.33,-0.67,-0.67,-0.67,-0.67,-0.67,-0.67,-0.67,-0.67
0.1595,-9.43,10.57,30.57,70.57,10.57,50.57,110.57,50.57,70.57,50.57,-2.58,17.42,17.42,17.42,37.42,17.42,-2.58,-2.58,-2.58,-2.58,-0.67,-0.67,-0.67,-0.67,-0.67,-0.67,-0.67,-0.67,-0.67,-0.67
0.1605,-9.43,30.57,70.57,30.57,70.57,30.57,10.57,-9.43,50.57,50.57,-2.58,37.42,17.42,57.42,-2.58,-2.58,-2.58,-2.58,-2.58,-2.58,-0.67,-0.67,-0.67,19.33,-0.67,-0.67,-0.67,-0.67,-0.67,-0.67
0.1615,-9.43,50.57,70.57,70.57,-9.43,10.57,-9.43,10.57,10.57,10.57,-2.58,-2.58,-2.58,-2.58,-2.58,-2.58,-2.58,-2.58,-2.58,-2.58,-0.67,-0.67,-0.67,-0.67,-0.67,-0.67,-0.67,-0.67,-0.67,19.33
0.1625,-9.43,-9.43,130.57,110.57,50.57,50.57,30.57,10.57,10.57,90.57,-2.58,-2.58,17.42,17.42,-2.58,-2.58,-2.58,-2.58,-2.58,-2.58,-0.67,19.33,-0.67,-0.67,-0.67,-0.67,-0.67,-0.67,-0.67,-0.67
0.1635,-9.43,30.57,-9.43,70.57,50.57,30.57,10.57,10.57,10.57,10.57,-2.58,17.42,17.42,17.42,-2.58,-2.58,-2.58,-2.58,-2.58,17.42,-0.67,-0.67,19.33,19.33,-0.67,-0.67,19.33,-0.67,-0.67,-0.67
0.1645,-9.43,50.57,-9.43,90.57,30.57,10.57,110.57,-9.43,30.57,10.57,-2.58,-2.58,-2.58,-2.58,17.42,-2.58,-2.58,-2.58,-2.58,-2.58,-0.67,-0.67,-0.67,-0.67,-0.67,-0.67,-0.67,-0.67,-0.67,-0.67
0.1655,-9.43,30.57,50.57,90.57,-9.43,10.57,-9.43,-9.43,30.57,30.57,-2.58,-2.58,-2.58,-2.58,-2.58,-2.58,-2.58,-2.58,-2.58,-2.58,-0.67,-0.67,-0.67,19.33,-0.67,-0.67,-0.67,-0.67,-0.67,-0.67
0.1665,-9.43,10.57,50.57,90.57,50.57,-9.43,30.57,10.57,30.57,50.57,-2.58,-2.58,-2.58,17.42,-2.58,-2.58,-2.58,-2.58,-2.58,-2.58,-0.67,-0.67,-0.67,-0.67,-0.67,-0.67,-0.67,-0.67,-0.67,19.33
0.1675,-9.43,10.57,50.57,150.57,-9.43,10.57,10.57,-9.43,-9.43,-9.43,-2.58,-2.58,-2.58,-2.58,17.42,-2.58,-2.58,-2.58,17.42,-2.58,-0.67,-0.67,-0.67,-0.67,-0.67,-0.67,-0.67,-0.67,-0.67,-0.67
0.1685,-9.43,50.57,70.57,110.57,30.57,10.57,50.57,10.57,10.57,50.57,-2.58,-2.58,17.42,17.42,-2.58,-2.58,-2.58,-2.58,-2.58,-2.58,-0.67,19.33,-0.67,-0.67,19.33,-0.67,-0.67,-0.67,-0.67,19.33
0.1695,-9.43,-9.43,10.57,30.57,30.57,10.57,30.57,-9.43,10.57,10.57,-2.58,-2.58,-2.58,37.42,-2.58,17.42,-2.58,-2.58,-2.58,-2.58,-0.67,-0.67,-0.67,19.33,-0.67,-0.67,-0.67,19.33,-0.67,-0.67
0.1705,10.57,30.57,10.57,70.57,-9.43,-9.43,30.57,30.57,30.57,30.57,-2.58,17.42,-2.58,17.42,-2.58,-2.58,-2.58,-2.58,-2.58,17.42,-0.67,-0.67,-0.67,-0.67,-0.67,-0.67,-0.67,-0.67,-0.67,-0.67
0.1715,-9.43,30.57,-9.43,50.57,70.57,30.57,50.57,-9.43,10.57,10.57,-2.58,-2.58,17.42,17.42,17.42,17.42,-2.58,-2.58,-2.58,-2.58,-0.67,-0.67,-0.67,-0.67,-0.67,-0.67,-0.67,-0.67,-0.67,-0.67
0.1725,10.57,10.57,50.57,130.57,30.57,10.57,70.57,10.57,10.57,-9.43,-2.58,-2.58,-2.58,-2.58,-2.58,17.42,-2.58,-2.58,-2.58,17.42,-0.67,-0.67,-0.67,-0.67,-0.67,-0.67,-0.67,-0.67,19.33,-0.67
0.1735,10.57,-9.43,30.57,90.57,30.57,10.57,90.57,10.57,10.57,50.57,-2.58,-2.58,-2.58,-2.58,-2.58,17.42,37.42,-2.58,17.42,17.42,-0.67,-0.67,-0.67,-0.67,-0.67,-0.67,-0.67,-0.67,-0.67,19.33
0.1745,-9.43,-9.43,10.57,50.57,70.57,-9.43,70.57,50.57,30.57,30.57,-2.58,-2.58,17.42,-2.58,17.42,-2.58,-2.58,17.42,17.42,-2.58,-0.67,-0.67,-0.67,-0.67,-0.67,-0.67,-0.67,-0.67,19.33,-0.67
0.1755,10.57,-9.43,10.57,30.57,70.57,10.57,70.57,10.57,10.57,50.57,-2.58,-2.58,-2.58,-2.58,-2.58,-2.58,-2.58,-2.58,17.42,17.42,-0.67,-0.67,-0.67,-0.67,-0.67,-0.67,-0.67,19.33,-0.67,59.33
0.1765,10.57,30.57,30.57,30.57,50.57,10.57,50.57,30.57,10.57,10.57,-2.58,-2.58,-2.58,-2.58,17.42,-2.58,-2.58,17.42,-2.58,-2.58,-0.67,-0.67,-0.67,-0.67,-0.67,-0.67,-0.67,39.33,-0.67,-0.67
0.1775,-9.43,-9.43,-9.43,30.57,30.57,50.57,50.57,50.57,30.57,30.57,-2.58,-2.58,-2.58,-2.58,-2.58,17.42,-2.58,-2.58,-2.58,-2.58,-0.67,-0.67,-0.67,-0.67,-0.67,-0.67,-0.67,-0.67,-0.67,-0.67
0.1785,-9.43,10.57,-9.43,10.57,10.57,10.57,30.57,-9.43,30.57,30.57,-2.58,-2.58,-2.58,-2.58,-2.58,-2.58,-2.58,17.42,-2.58,17.42,-0.67,-0.67,-0.67,-0.67,-0.67,-0.67,-0.67,-0.67,-0.67,-0.67
0.1795,-9.43,10.57,30.57,10.57,50.57,70.57,-9.43,10.57,10.57,10.57,-2.58,-2.58,-2.58,-2.58,-2.58,17.42,-2.58,-2.58,-2.58,-2.58,-0.67,-0.67,-0.67,-0.67,-0.67,-0.67,-0.67,-0.67,-0.67,19.33
0.1805,-9.43,-9.43,-9.43,10.57,50.57,10.57,10.57,70.57,30.57,-9.43,17.42,-2.58,-2.58,-2.58,-2.58,-2.58,-2.58,-2.58,-2.58,-2.58,-0.67,-0.67,-0.67,-0.67,-0.67,-0.67,-0.67,-0.67,-0.67,-0.67
0.1815,-9.43,-9.43,-9.43,10.57,30.57,10.57,90.57,-9.43,30.57,90.57,-2.58,-2.58,-2.58,-2.58,-2.58,-2.58,-2.58,-2.58,-2.58,-2.58,-0.67,-0.67,-0.67,-0.67,-0.67,-0.67,-0.67,-0.67,-0.67,-0.67
0.1825,-9.43,-9.43,-9.43,10.57,-9.43,50.57,30.57,10.57,10.57,30.57,-2.58,-2.58,-2.58,-2.58,-2.58,-2.58,-2.58,-2.58,-2.58,-2.58,-0.67,-0.67,-0.67,-0.67,-0.67,-0.67,-0.67,-0.67,-0.67,-0.67
0.1835,10.57,10.57,-9.43,10.57,-9.43,-9.43,10.57,10.57,30.57,-9.43,-2.58,-2.58,-2.58,-2.58,-2.58,17.42,-2.58,-2.58,17.42,-2.58,-0.67,-0.67,-0.67,-0.67,-0.67,-0.67,-0.67,-0.67,-0.67,-0.67
0.1845,-9.43,10.57,10.57,10.57,-9.43,10.57,10.57,10.57,10.57,-9.43,-2.58,-2.58,17.42,-2.58,-2.58,-2.58,-2.58,-2.58,-2.58,-2.58,-0.67,-0.67,-0.67,-0.67,-0.67,19.33,-0.67,-0.67,-0.67,-0.67
0.1855,10.57,10.57,-9.43,-9.43,10.57,-9.43,30.57,30.57,-9.43,10.57,17.42,-2.58,-2.58,-2.58,-2.58,-2.58,-2.58,-2.58,-2.58,-2.58,-0.67,-0.67,-0.67,-0.67,-0.67,-0.67,-0.67,-0.67,-0.67,-0.67
0.1865,-9.43,-9.43,-9.43,10.57,-9.43,30.57,10.57,10.57,30.57,-9.43,-2.58,17.42,-2.58,-2.58,-2.58,-2.58,-2.58,-2.58,-2.58,-2.58,-0.67,-0.67,-0.67,-0.67,-0.67,-0.67,-0.67,-0.67,-0.67,-0.67
0.1875,30.57,10.57,-9.43,-9.43,-9.43,30.57,-9.43,90.57,-9.43,50.57,-2.58,-2.58,-2.58,-2.58,-2.58,-2.58,17.42,-2.58,-2.58,-2.58,-0.67,-0.67,-0.67,-0.67,-0.67,-0.67,-0.67,-0.67,-0.67,-0.67
0.1885,10.57,10.57,-9.43,10.57,-9.43,-9.43,-9.43,30.57,10.57,-9.43,-2.58,-2.58,-2.58,-2.58,-2.58,-2.58,-2.58,-2.58,-2.58,-2.58,-0.67,-0.67,-0.67,-0.67,-0.67,-0.67,-0.67,-0.67,-0.67,-0.67
0.1895,-9.43,-9.43,-9.43,-9.43,10.57,-9.43,-9.43,10.57,-9.43,10.57,-2.58,-2.58,-2.58,-2.58,-2.58,17.42,-2.58,-2.58,-2.58,17.42,-0.67,-0.67,-0.67,-0.67,-0.67,-0.67,-0.67,19.33,-0.67,-0.67
0.1905,-9.43,10.57,-9.43,-9.43,-9.43,10.57,-9.43,10.57,10.57,10.57,-2.58,-2.58,-2.58,-2.58,-2.58,17.42,17.42,-2.58,-2.58,-2.58,-0.67,-0.67,-0.67,-0.67,-0.67,-0.67,-0.67,-0.67,-0.67,-0.67
0.1915,-9.43,-9.43,-9.43,-9.43,-9.43,-9.43,-9.43,30.57,10.57,10.57,17.42,-2.58,17.42,-2.58,-2.58,-2.58,-2.58,17.42,-2.58,-2.58,-0.67,19.33,-0.67,-0.67,19.33,-0.67,-0.67,-0.67,-0.67,-0.67
0.1925,10.57,-9.43,-9.43,-9.43,-9.43,-9.43,-9.43,-9.43,10.57,-9.43,17.42,-2.58,-2.58,-2.58,-2.58,-2.58,-2.58,-2.58,-2.58,17.42,-0.67,-0.67,-0.67,-0.67,-0.67,-0.67,-0.67,-0.67,-0.67,-0.67
0.1935,10.57,-9.43,-9.43,-9.43,-9.43,-9.43,-9.43,10.57,10.57,50.57,-2.58,-2.58,-2.58,-2.58,-2.58,17.42,-2.58,-2.58,-2.58,-2.58,-0.67,-0.67,-0.67,-0.67,-0.67,-0.67,-0.67,-0.67,-0.67,-0.67
0.1945,-9.43,-9.43,-9.43,-9.43,10.57,10.57,10.57,-9.43,-9.43,-9.43,-2.58,-2.58,-2.58,-2.58,-2.58,-2.58,-2.58,17.42,-2.58,-2.58,-0.67,-0.67,-0.67,-0.67,-0.67,-0.67,-0.67,-0.67,-0.67,-0.67
0.1955,-9.43,-9.43,-9.43,-9.43,-9.43,10.57,-9.43,-9.43,-9.43,-9.43,-2.58,-2.58,-2.58,-2.58,-2.58,-2.58,-2.58,-2.58,-2.58,17.42,-0.67,-0.67,-0.67,-0.67,-0.67,-0.67,-0.67,-0.67,-0.67,-0.67
0.1965,10.57,10.57,-9.43,-9.43,-9.43,-9.43,-9.43,10.57,-9.43,-9.43,-2.58,-2.58,37.42,-2.58,-2.58,-2.58,-2.58,-2.58,-2.58,-2.58,-0.67,-0.67,-0.67,-0.67,-0.67,-0.67,-0.67,-0.67,-0.67,-0.67
0.1975,10.57,-9.43,-9.43,-9.43,10.57,-9.43,-9.43,-9.43,10.57,-9.43,-2.58,-2.58,-2.58,-2.58,-2.58,-2.58,-2.58,-2.58,17.42,-2.58,-0.67,-0.67,-0.67,-0.67,-0.67,-0.67,-0.67,-0.67,-0.67,-0.67
0.1985,-9.43,-9.43,30.57,-9.43,-9.43,-9.43,-9.43,-9.43,-9.43,10.57,-2.58,17.42,-2.58,17.42,-2.58,37.42,-2.58,-2.58,-2.58,-2.58,-0.67,-0.67,-0.67,-0.67,-0.67,-0.67,-0.67,-0.67,-0.67,-0.67
0.1995,30.57,10.57,-9.43,-9.43,-9.43,-9.43,-9.43,-9.43,-9.43,-9.43,-2.58,-2.58,-2.58,-2.58,-2.58,-2.58,-2.58,17.42,-2.58,-2.58,-0.67,-0.67,-0.67,-0.67,-0.67,-0.67,-0.67,-0.67,19.33,-0.67
0.2005,10.57,-9.43,-9.43,-9.43,-9.43,-9.43,30.57,-9.43,-9.43,-9.43,-2.58,-2.58,-2.58,-2.58,-2.58,-2.58,-2.58,-2.58,-2.58,-2.58,-0.67,-0.67,-0.67,-0.67,-0.67,-0.67,-0.67,-0.67,-0.67,-0.67
0.2015,-9.43,-9.43,-9.43,-9.43,-9.43,-9.43,-9.43,-9.43,-9.43,-9.43,-2.58,-2.58,-2.58,-2.58,-2.58,-2.58,-2.58,17.42,-2.58,-2.58,-0.67,-0.67,-0.67,-0.67,-0.67,19.33,-0.67,-0.67,-0.67,-0.67
0.2025,-9.43,30.57,30.57,-9.43,10.57,-9.43,-9.43,-9.43,10.57,-9.43,-2.58,-2.58,-2.58,-2.58,-2.58,-2.58,-2.58,17.42,-2.58,-2.58,-0.67,-0.67,-0.67,-0.67,-0.67,-0.67,-0.67,-0.67,-0.67,-0.67
0.2035,10.57,-9.43,-9.43,-9.43,-9.43,-9.43,-9.43,-9.43,-9.43,-9.43,-2.58,-2.58,-2.58,-2.58,-2.58,-2.58,-2.58,-2.58,-2.58,-2.58,-0.67,-0.67,-0.67,-0.67,-0.67,-0.67,-0.67,-0.67,-0.67,-0.67
0.2045,10.57,-9.43,-9.43,-9.43,-9.43,10.57,-9.43,-9.43,-9.43,10.57,-2.58,17.42,-2.58,-2.58,-2.58,-2.58,-2.58,-2.58,-2.58,-2.58,-0.67,-0.67,-0.67,-0.67,-0.67,-0.67,-0.67,-0.67,-0.67,-0.67
0.2055,-9.43,-9.43,-9.43,-9.43,10.57,10.57,-9.43,-9.43,-9.43,-9.43,-2.58,-2.58,-2.58,-2.58,-2.58,-2.58,-2.58,-2.58,-2.58,37.42,-0.67,-0.67,-0.67,-0.67,-0.67,-0.67,-0.67,-0.67,-0.67,-0.67
0.2065,-9.43,10.57,-9.43,-9.43,-9.43,10.57,-9.43,-9.43,-9.43,-9.43,-2.58,-2.58,-2.58,-2.58,17.42,-2.58,-2.58,-2.58,-2.58,17.42,-0.67,-0.67,-0.67,-0.67,-0.67,19.33,19.33,-0.67,-0.67,-0.67
0.2075,10.57,-9.43,-9.43,-9.43,-9.43,-9.43,-9.43,-9.43,-9.43,10.57,-2.58,-2.58,-2.58,-2.58,17.42,-2.58,-2.58,-2.58,-2.58,17.42,-0.67,-0.67,-0.67,-0.67,-0.67,-0.67,-0.67,-0.67,-0.67,-0.67
0.2085,-9.43,10.57,-9.43,-9.43,-9.43,30.57,10.57,-9.43,-9.43,-9.43,-2.58,-2.58,-2.58,-2.58,-2.58,-2.58,-2.58,-2.58,-2.58,-2.58,-0.67,-0.67,-0.67,-0.67,-0.67,-0.67,-0.67,-0.67,-0.67,-0.67
0.2095,10.57,-9.43,10.57,-9.43,-9.43,10.57,-9.43,30.57,10.57,10.57,-2.58,-2.58,-2.58,-2.58,17.42,37.42,17.42,17.42,17.42,17.42,-0.67,-0.67,-0.67,-0.67,-0.67,-0.67,-0.67,-0.67,-0.67,-0.67
0.2105,-9.43,-9.43,-9.43,-9.43,30.57,30.57,-9.43,-9.43,-9.43,-9.43,-2.58,-2.58,-2.58,-2.58,-2.58,-2.58,37.42,-2.58,-2.58,-2.58,-0.67,-0.67,-0.67,-0.67,-0.67,19.33,-0.67,19.33,-0.67,-0.67
0.2115,10.57,30.57,-9.43,-9.43,10.57,30.57,30.57,-9.43,-9.43,-9.43,-2.58,-2.58,-2.58,-2.58,17.42,17.42,17.42,17.42,37.42,37.42,-0.67,-0.67,-0.67,-0.67,-0.67,-0.67,-0.67,-0.67,-0.67,-0.67
0.2125,-9.43,-9.43,-9.43,-9.43,-9.43,-9.43,-9.43,-9.43,-9.43,30.57,-2.58,-2.58,-2.58,-2.58,-2.58,17.42,17.42,17.42,-2.58,-2.58,19.33,-0.67,19.33,-0.67,-0.67,-0.67,-0.67,19.33,-0.67,-0.67
0.2135,-9.43,10.57,-9.43,10.57,-9.43,-9.43,10.57,50.57,-9.43,50.57,-2.58,-2.58,-2.58,-2.58,37.42,-2.58,-2.58,-2.58,-2.58,37.42,-0.67,-0.67,-0.67,-0.67,-0.67,-0.67,-0.67,19.33,-0.67,19.33
0.2145,-9.43,-9.43,-9.43,-9.43,30.57,10.57,10.57,30.57,30.57,50.57,-2.58,-2.58,17.42,-2.58,17.42,37.42,37.42,-2.58,-2.58,-2.58,-0.67,-0.67,-0.67,-0.67,-0.67,-0.67,-0.67,-0.67,-0.67,-0.67
0.2155,30.57,-9.43,-9.43,30.57,10.57,30.57,30.57,30.57,10.57,90.57,-2.58,-2.58,-2.58,-2.58,-2.58,-2.58,37.42,17.42,-2.58,17.42,-0.67,-0.67,-0.67,-0.67,-0.67,-0.67,-0.67,-0.67,-0.67,-0.67
0.2165,10.57,-9.43,-9.43,-9.43,10.57,10.57,-9.43,110.57,10.57,130.57,-2.58,17.42,-2.58,-2.58,17.42,-2.58,17.42,-2.58,17.42,57.42,-0.67,-0.67,-0.67,-0.67,19.33,-0.67,-0.67,19.33,19.33,-0.67
0.2175,10.57,-9.43,-9.43,-9.43,50.57,70.57,30.57,10.57,70.57,90.57,-2.58,-2.58,-2.58,-2.58,17.42,17.42,-2.58,-2.58,-2.58,17.42,-0.67,-0.67,-0.67,-0.67,-0.67,-0.67,-0.67,-0.67,-0.67,-0.67
0.2185,-9.43,10.57,-9.43,-9.43,-9.43,10.57,10.57,10.57,10.57,110.57,-2.58,-2.58,-2.58,-2.58,-2.58,37.42,-2.58,-2.58,-2.58,17.42,-0.67,-0.67,-0.67,-0.67,-0.67,-0.67,19.33,-0.67,-0.67,59.33
0.2195,-9.43,10.57,-9.43,-9.43,30.57,30.57,30.57,50.57,50.57,30.57,-2.58,-2.58,-2.58,17.42,17.42,37.42,57.42,57.42,17.42,37.42,-0.67,-0.67,-0.67,-0.67,-0.67,-0.67,19.33,-0.67,-0.67,39.33
0.2205,10.57,-9.43,-9.43,-9.43,30.57,10.57,70.57,30.57,90.57,130.57,-2.58,-2.58,-2.58,-2.58,-2.58,37.42,-2.58,17.42,-2.58,-2.58,-0.67,-0.67,-0.67,19.33,-0.67,19.33,-0.67,-0.67,-0.67,-0.67
0.2215,-9.43,10.57,-9.43,30.57,70.57,10.57,10.57,70.57,70.57,70.57,-2.58,-2.58,-2.58,-2.58,17.42,37.42,57.42,17.42,57.42,17.42,-0.67,19.33,-0.67,-0.67,-0.67,-0.67,-0.67,19.33,-0.67,-0.67
0.2225,10.57,-9.43,-9.43,-9.43,70.57,130.57,50.57,70.57,130.57,130.57,17.42,-2.58,-2.58,37.42,17.42,17.42,17.42,-2.58,57.42,17.42,-0.67,-0.67,-0.67,-0.67,-0.67,-0.67,-0.67,39.33,39.33,19.33
0.2235,-9.43,-9.43,-9.43,10.57,10.57,70.57,50.57,70.57,130.57,50.57,-2.58,-2.58,-2.58,-2.58,17.42,-2.58,-2.58,17.42,-2.58,37.42,-0.67,-0.67,-0.67,-0.67,-0.67,-0.67,-0.67,-0.67,19.33,19.33
0.2245,-9.43,-9.43,10.57,30.57,30.57,10.57,30.57,130.57,90.57,90.57,-2.58,17.42,-2.58,17.42,17.42,17.42,97.42,-2.58,57.42,77.42,-0.67,-0.67,-0.67,-0.67,-0.67,-0.67,-0.67,19.33,-0.67,-0.67
0.2255,10.57,-9.43,-9.43,10.57,70.57,50.57,50.57,70.57,130.57,50.57,-2.58,-2.58,-2.58,37.42,17.42,17.42,-2.58,17.42,37.42,-2.58,-0.67,-0.67,-0.67,-0.67,-0.67,19.33,-0.67,-0.67,19.33,59.33
0.2265,-9.43,10.57,30.57,-9.43,10.57,30.57,130.57,110.57,90.57,50.57,-2.58,-2.58,-2.58,17.42,57.42,57.42,-2.58,-2.58,17.42,17.42,-0.67,-0.67,-0.67,19.33,-0.67,-0.67,19.33,-0.67,-0.67,-0.67
0.2275,-9.43,-9.43,-9.43,70.57,50.57,70.57,90.57,70.57,110.57,170.57,-2.58,-2.58,-2.58,-2.58,-2.58,-2.58,17.42,17.42,17.42,17.42,-0.67,-0.67,-0.67,-0.67,19.33,-0.67,-0.67,-0.67,-0.67,-0.67
0.2285,10.57,-9.43,30.57,70.57,70.57,50.57,50.57,90.57,90.57,50.57,-2.58,-2.58,-2.58,-2.58,-2.58,37.42,37.42,37.42,57.42,-2.58,-0.67,-0.67,-0.67,-0.67,-0.67,-0.67,19.33,19.33,-0.67,-0.67
0.2295,-9.43,30.57,10.57,-9.43,10.57,10.57,10.57,130.57,30.57,50.57,-2.58,-2.58,17.42,17.42,-2.58,37.42,-2.58,17.42,17.42,-2.58,-0.67,-0.67,-0.67,19.33,-0.67,-0.67,-0.67,-0.67,19.33,-0.67
0.2305,-9.43,10.57,10.57,70.57,30.57,50.57,50.57,150.57,150.57,70.57,17.42,17.42,-2.58,37.42,-2.58,37.42,37.42,-2.58,17.42,17.42,-0.67,-0.67,-0.67,-0.67,-0.67,-0.67,19.33,-0.67,-0.67,-0.67
0.2315,-9.43,-9.43,10.57,30.57,70.57,130.57,90.57,70.57,110.57,50.57,-2.58,-2.58,17.42,17.42,17.42,17.42,17.42,17.42,17.42,-2.58,-0.67,-0.67,-0.67,-0.67,-0.67,-0.67,-0.67,-0.67,-0.67,-0.67
0.2325,10.57,-9.43,-9.43,30.57,-9.43,10.57,50.57,10.57,150.57,90.57,-2.58,-2.58,-2.58,-2.58,-2.58,17.42,-2.58,37.42,17.42,37.42,-0.67,19.33,-0.67,59.33,19.33,19.33,-0.67,19.33,19.33,-0.67
0.2335,-9.43,10.57,170.57,130.57,10.57,90.57,90.57,130.57,30.57,10.57,-2.58,-2.58,-2.58,17.42,-2.58,-2.58,17.42,77.42,17.42,17.42,-0.67,-0.67,19.33,19.33,-0.67,19.33,-0.67,-0.67,-0.67,-0.67
0.2345,-9.43,10.57,50.57,50.57,30.57,90.57,110.57,50.57,150.57,10.57,17.42,-2.58,17.42,-2.58,-2.58,17.42,17.42,57.42,-2.58,17.42,-0.67,-0.67,-0.67,-0.67,-0.67,-0.67,-0.67,-0.67,-0.67,-0.67
0.2355,-9.43,-9.43,10.57,30.57,30.57,50.57,10.57,70.57,50.57,10.57,-2.58,-2.58,37.42,57.42,-2.58,17.42,-2.58,37.42,-2.58,17.42,-0.67,-0.67,19.33,19.33,-0.67,19.33,-0.67,-0.67,-0.67,-0.67
0.2365,-9.43,30.57,50.57,30.57,-9.43,70.57,30.57,70.57,-9.43,70.57,-2.58,-2.58,-2.58,-2.58,-2.58,17.42,17.42,-2.58,37.42,-2.58,-0.67,-0.67,19.33,-0.67,19.33,-0.67,-0.67,-0.67,19.33,-0.67
0.2375,-9.43,-9.43,70.57,50.57,10.57,50.57,70.57,30.57,10.57,-9.43,-2.58,-2.58,57.42,37.42,37.42,17.42,17.42,-2.58,17.42,-2.58,-0.67,-0.67,-0.67,19.33,-0.67,39.33,-0.67,19.33,-0.67,-0.67
0.2385,-9.43,10.57,90.57,50.57,30.57,110.57,30.57,10.57,30.57,-9.43,17.42,-2.58,37.42,17.42,-2.58,-2.58,-2.58,17.42,-2.58,-2.58,-0.67,-0.67,-0.67,-0.67,-0.67,-0.67,-0.67,-0.67,-0.67,-0.67
0.2395,10.57,-9.43,30.57,70.57,10.57,70.57,10.57,10.57,70.57,-9.43,-2.58,-2.58,17.42,57.42,-2.58,-2.58,17.42,-2.58,17.42,-2.58,-0.67,-0.67,-0.67,-0.67,-0.67,-0.67,-0.67,-0.67,-0.67,-0.67
0.2405,10.57,10.57,110.57,10.57,90.57,30.57,10.57,-9.43,30.57,-9.43,-2.58,-2.58,37.42,-2.58,-2.58,37.42,-2.58,-2.58,-2.58,-2.58,-0.67,-0.67,-0.67,-0.67,-0.67,-0.67,19.33,-0.67,-0.67,-0.67
0.2415,10.57,-9.43,70.57,30.57,30.57,70.57,50.57,10.57,30.57,-9.43,-2.58,-2.58,-2.58,37.42,37.42,-2.58,-2.58,-2.58,37.42,-2.58,-0.67,-0.67,-0.67,-0.67,-0.67,-0.67,-0.67,-0.67,19.33,-0.67
0.2425,-9.43,-9.43,90.57,50.57,10.57,70.57,70.57,30.57,10.57,-9.43,-2.58,-2.58,-2.58,-2.58,17.42,-2.58,17.42,-2.58,17.42,-2.58,-0.67,-0.67,-0.67,-0.67,-0.67,-0.67,-0.67,-0.67,-0.67,-0.67
0.2435,-9.43,10.57,30.57,10.57,30.57,-9.43,30.57,-9.43,10.57,-9.43,-2.58,17.42,-2.58,-2.58,17.42,-2.58,-2.58,-2.58,-2.58,-2.58,-0.67,-0.67,-0.67,-0.67,-0.67,-0.67,-0.67,-0.67,-0.67,-0.67
0.2445,-9.43,30.57,10.57,50.57,10.57,-9.43,10.57,70.57,30.57,-9.43,-2.58,-2.58,57.42,37.42,-2.58,17.42,-2.58,-2.58,37.42,-2.58,-0.67,-0.67,-0.67,-0.67,-0.67,-0.67,-0.67,-0.67,-0.67,-0.67
0.2455,-9.43,-9.43,30.57,30.57,-9.43,110.57,50.57,30.57,-9.43,-9.43,-2.58,-2.58,17.42,-2.58,-2.58,-2.58,-2.58,-2.58,-2.58,-2.58,-0.67,-0.67,-0.67,-0.67,-0.67,-0.67,-0.67,-0.67,-0.67,-0.67
0.2465,10.57,50.57,70.57,30.57,50.57,10.57,30.57,-9.43,10.57,-9.43,17.42,-2.58,-2.58,17.42,-2.58,-2.58,-2.58,-2.58,-2.58,-2.58,-0.67,-0.67,-0.67,19.33,19.33,-0.67,-0.67,-0.67,19.33,-0.67
0.2475,-9.43,-9.43,-9.43,30.57,-9.43,50.57,30.57,-9.43,-9.43,-9.43,-2.58,-2.58,-2.58,17.42,17.42,-2.58,17.42,-2.58,-2.58,-2.58,-0.67,-0.67,-0.67,19.33,-0.67,-0.67,-0.67,-0.67,-0.67,-0.67
0.2485,30.57,10.57,10.57,70.57,-9.43,10.57,10.57,10.57,10.57,-9.43,-2.58,17.42,-2.58,-2.58,-2.58,-2.58,-2.58,-2.58,-2.58,-2.58,-0.67,-0.67,-0.67,-0.67,-0.67,-0.67,-0.67,-0.67,-0.67,-0.67
0.2495,-9.43,30.57,10.57,-9.43,10.57,-9.43,-9.43,30.57,-9.43,10.57,17.42,-2.58,17.42,-2.58,-2.58,-2.58,-2.58,-2.58,-2.58,-2.58,-0.67,-0.67,-0.67,-0.67,-0.67,-0.67,-0.67,-0.67,-0.67,-0.67
0.2505,-9.43,-9.43,-9.43,-9.43,-9.43,10.57,10.57,-9.43,-9.43,-9.43,-2.58,-2.58,-2.58,-2.58,17.42,17.42,-2.58,-2.58,-2.58,-2.58,-0.67,-0.67,-0.67,-0.67,19.33,-0.67,-0.67,-0.67,-0.67,-0.67
0.2515,-9.43,10.57,10.57,30.57,-9.43,30.57,-9.43,-9.43,-9.43,-9.43,-2.58,17.42,-2.58,-2.58,-2.58,-2.58,-2.58,-2.58,17.42,-2.58,-0.67,-0.67,-0.67,-0.67,19.33,19.33,-0.67,-0.67,-0.67,-0.67
0.2525,10.57,50.57,10.57,-9.43,-9.43,30.57,10.57,-9.43,-9.43,-9.43,-2.58,-2.58,-2.58,-2.58,-2.58,-2.58,-2.58,-2.58,-2.58,-2.58,-0.67,-0.67,-0.67,-0.67,-0.67,-0.67,-0.67,-0.67,-0.67,-0.67
0.2535,-9.43,-9.43,10.57,-9.43,50.57,-9.43,-9.43,-9.43,-9.43,-9.43,-2.58,-2.58,-2.58,-2.58,17.42,-2.58,-2.58,-2.58,-2.58,-2.58,-0.67,-0.67,-0.67,19.33,-0.67,-0.67,-0.67,-0.67,-0.67,-0.67
0.2545,-9.43,70.57,-9.43,30.57,30.57,10.57,-9.43,10.57,-9.43,-9.43,-2.58,-2.58,-2.58,-2.58,-2.58,-2.58,-2.58,-2.58,-2.58,-2.58,-0.67,-0.67,-0.67,-0.67,-0.67,-0.67,-0.67,-0.67,-0.67,-0.67
0.2555,-9.43,10.57,10.57,30.57,50.57,10.57,-9.43,-9.43,-9.43,-9.43,-2.58,-2.58,-2.58,-2.58,-2.58,-2.58,-2.58,-2.58,-2.58,-2.58,-0.67,19.33,-0.67,-0.67,-0.67,-0.67,-0.67,-0.67,-0.67,-0.67
0.2565,10.57,-9.43,-9.43,30.57,10.57,10.57,-9.43,-9.43,-9.43,-9.43,-2.58,-2.58,-2.58,17.42,-2.58,-2.58,-2.58,-2.58,-2.58,-2.58,-0.67,-0.67,-0.67,-0.67,19.33,-0.67,-0.67,-0.67,-0.67,-0.67
0.2575,-9.43,30.57,30.57,10.57,10.57,-9.43,10.57,10.57,-9.43,-9.43,-2.58,-2.58,-2.58,-2.58,-2.58,-2.58,-2.58,-2.58,-2.58,-2.58,-0.67,-0.67,-0.67,-0.67,-0.67,-0.67,-0.67,-0.67,-0.67,-0.67
0.2585,-9.43,10.57,-9.43,-9.43,30.57,-9.43,-9.43,10.57,-9.43,10.57,-2.58,-2.58,-2.58,17.42,-2.58,-2.58,17.42,-2.58,-2.58,-2.58,-0.67,-0.67,-0.67,-0.67,-0.67,-0.67,-0.67,-0.67,-0.67,-0.67
0.2595,-9.43,30.57,-9.43,-9.43,30.57,10.57,-9.43,-9.43,-9.43,10.57,-2.58,-2.58,17.42,17.42,-2.58,-2.58,-2.58,-2.58,-2.58,-2.58,-0.67,-0.67,-0.67,-0.67,-0.67,-0.67,-0.67,-0.67,-0.67,-0.67
0.2605,-9.43,-9.43,10.57,-9.43,10.57,-9.43,-9.43,-9.43,10.57,30.57,-2.58,17.42,-2.58,-2.58,17.42,-2.58,-2.58,-2.58,-2.58,-2.58,-0.67,-0.67,-0.67,-0.67,19.33,-0.67,-0.67,-0.67,-0.67,-0.67
0.2615,-9.43,-9.43,-9.43,30.57,30.57,30.57,-9.43,10.57,-9.43,30.57,-2.58,-2.58,-2.58,-2.58,-2.58,-2.58,-2.58,17.42,-2.58,-2.58,-0.67,-0.67,-0.67,-0.67,-0.67,-0.67,-0.67,-0.67,-0.67,39.33
0.2625,-9.43,10.57,10.57,10.57,10.57,-9.43,-9.43,-9.43,-9.43,50.57,-2.58,17.42,-2.58,17.42,-2.58,-2.58,17.42,-2.58,-2.58,-2.58,-0.67,-0.67,19.33,-0.67,19.33,19.33,-0.67,-0.67,-0.67,-0.67
0.2635,10.57,-9.43,-9.43,-9.43,30.57,-9.43,-9.43,10.57,30.57,50.57,-2.58,-2.58,-2.58,-2.58,-2.58,-2.58,17.42,-2.58,-2.58,17.42,-0.67,-0.67,-0.67,-0.67,-0.67,-0.67,-0.67,-0.67,-0.67,-0.67
0.2645,-9.43,50.57,-9.43,10.57,10.57,-9.43,-9.43,-9.43,-9.43,10.57,-2.58,-2.58,-2.58,-2.58,-2.58,17.42,-2.58,-2.58,-2.58,17.42,-0.67,-0.67,-0.67,-0.67,-0.67,-0.67,-0.67,-0.67,-0.67,-0.67
0.2655,10.57,-9.43,-9.43,30.57,10.57,10.57,-9.43,-9.43,-9.43,110.57,-2.58,-2.58,-2.58,-2.58,-2.58,-2.58,-2.58,-2.58,-2.58,-2.58,-0.67,-0.67,-0.67,-0.67,-0.67,-0.67,-0.67,-0.67,-0.67,-0.67
0.2665,-9.43,-9.43,-9.43,-9.43,10.57,-9.43,-9.43,-9.43,-9.43,-9.43,-2.58,-2.58,-2.58,-2.58,-2.58,-2.58,-2.58,17.42,-2.58,-2.58,-0.67,-0.67,-0.67,19.33,-0.67,-0.67,-0.67,-0.67,-0.67,-0.67
0.2675,-9.43,10.57,-9.43,-9.43,-9.43,-9.43,-9.43,-9.43,30.57,110.57,-2.58,17.42,-2.58,-2.58,-2.58,17.42,17.42,-2.58,-2.58,17.42,-0.67,-0.67,-0.67,-0.67,-0.67,-0.67,-0.67,-0.67,-0.67,-0.67
0.2685,-9.43,30.57,10.57,10.57,-9.43,-9.43,-9.43,-9.43,50.57,10.57,-2.58,-2.58,-2.58,-2.58,-2.58,-2.58,-2.58,-2.58,-2.58,17.42,-0.67,-0.67,-0.67,-0.67,-0.67,-0.67,-0.67,-0.67,-0.67,-0.67
0.2695,30.57,-9.43,50.57,30.57,10.57,30.57,-9.43,-9.43,30.57,50.57,-2.58,-2.58,-2.58,-2.58,-2.58,17.42,-2.58,-2.58,-2.58,-2.58,19.33,-0.67,-0.67,-0.67,-0.67,-0.67,-0.67,-0.67,-0.67,-0.67
0.2705,-9.43,10.57,-9.43,-9.43,-9.43,30.57,-9.43,-9.43,10.57,50.57,-2.58,-2.58,-2.58,-2.58,-2.58,-2.58,-2.58,-2.58,-2.58,-2.58,-0.67,-0.67,-0.67,-0.67,-0.67,-0.67,-0.67,-0.67,-0.67,-0.67
0.2715,-9.43,-9.43,10.57,10.57,-9.43,-9.43,-9.43,-9.43,-9.43,-9.43,-2.58,-2.58,-2.58,-2.58,-2.58,17.42,-2.58,-2.58,-2.58,-2.58,-0.67,-0.67,-0.67,-0.67,-0.67,-0.67,-0.67,-0.67,19.33,19.33
0.2725,-9.43,-9.43,-9.43,10.57,-9.43,-9.43,-9.43,-9.43,30.57,30.57,-2.58,-2.58,-2.58,-2.58,-2.58,17.42,-2.58,-2.58,-2.58,-2.58,-0.67,-0.67,-0.67,-0.67,-0.67,-0.67,-0.67,-0.67,-0.67,-0.67
0.2735,-9.43,-9.43,50.57,10.57,-9.43,10.57,-9.43,-9.43,30.57,-9.43,-2.58,-2.58,17.42,-2.58,-2.58,-2.58,-2.58,-2.58,-2.58,-2.58,-0.67,-0.67,-0.67,-0.67,-0.67,-0.67,-0.67,-0.67,-0.67,-0.67
0.2745,-9.43,10.57,-9.43,10.57,10.57,10.57,-9.43,-9.43,10.57,10.57,-2.58,-2.58,17.42,-2.58,-2.58,-2.58,-2.58,-2.58,17.42,-2.58,-0.67,-0.67,-0.67,-0.67,-0.67,-0.67,-0.67,-0.67,-0.67,-0.67
0.2755,-9.43,10.57,-9.43,-9.43,-9.43,-9.43,-9.43,-9.43,50.57,30.57,17.42,-2.58,-2.58,-2.58,-2.58,-2.58,-2.58,-2.58,17.42,-2.58,-0.67,-0.67,-0.67,-0.67,-0.67,-0.67,-0.67,-0.67,-0.67,-0.67
0.2765,-9.43,10.57,10.57,-9.43,30.57,30.57,-9.43,-9.43,10.57,50.57,-2.58,-2.58,17.42,-2.58,-2.58,-2.58,17.42,-2.58,-2.58,-2.58,-0.67,-0.67,-0.67,-0.67,-0.67,19.33,-0.67,-0.67,-0.67,-0.67
0.2775,-9.43,10.57,-9.43,30.57,-9.43,-9.43,-9.43,-9.43,10.57,10.57,-2.58,-2.58,-2.58,-2.58,-2.58,-2.58,-2.58,-2.58,-2.58,-2.58,-0.67,-0.67,-0.67,-0.67,-0.67,-0.67,-0.67,-0.67,-0.67,-0.67
0.2785,-9.43,10.57,-9.43,10.57,-9.43,-9.43,-9.43,-9.43,30.57,-9.43,17.42,-2.58,-2.58,-2.58,-2.58,-2.58,17.42,-2.58,-2.58,-2.58,-0.67,-0.67,-0.67,-0.67,-0.67,-0.67,-0.67,-0.67,-0.67,-0.67
0.2795,-9.43,-9.43,10.57,-9.43,-9.43,-9.43,-9.43,-9.43,-9.43,10.57,-2.58,17.42,-2.58,-2.58,17.42,-2.58,-2.58,-2.58,-2.58,-2.58,-0.67,19.33,-0.67,-0.67,-0.67,-0.67,-0.67,-0.67,-0.67,-0.67
0.2805,10.57,-9.43,10.57,-9.43,-9.43,-9.43,10.57,30.57,-9.43,-9.43,-2.58,-2.58,-2.58,-2.58,-2.58,-2.58,17.42,-2.58,-2.58,-2.58,-0.67,-0.67,-0.67,-0.67,-0.67,-0.67,-0.67,-0.67,-0.67,-0.67
0.2815,-9.43,-9.43,10.57,-9.43,-9.43,-9.43,10.57,30.57,30.57,10.57,-2.58,-2.58,-2.58,-2.58,-2.58,-2.58,-2.58,-2.58,-2.58,-2.58,-0.67,-0.67,-0.67,-0.67,-0.67,-0.67,-0.67,-0.67,-0.67,-0.67
0.2825,-9.43,10.57,-9.43,10.57,-9.43,50.57,10.57,-9.43,-9.43,30.57,17.42,-2.58,-2.58,-2.58,-2.58,-2.58,-2.58,-2.58,-2.58,-2.58,-0.67,-0.67,-0.67,-0.67,-0.67,-0.67,-0.67,-0.67,-0.67,-0.67
0.2835,-9.43,-9.43,10.57,-9.43,30.57,-9.43,50.57,30.57,-9.43,30.57,-2.58,-2.58,-2.58,-2.58,-2.58,-2.58,-2.58,-2.58,-2.58,-2.58,-0.67,-0.67,-0.67,-0.67,-0.67,19.33,-0.67,-0.67,-0.67,-0.67
0.2845,-9.43,-9.43,-9.43,-9.43,-9.43,-9.43,30.57,10.57,-9.43,10.57,17.42,-2.58,-2.58,-2.58,-2.58,-2.58,-2.58,-2.58,-2.58,-2.58,-0.67,-0.67,-0.67,-0.67,-0.67,-0.67,-0.67,-0.67,-0.67,-0.67
0.2855,-9.43,-9.43,-9.43,-9.43,-9.43,-9.43,-9.43,50.57,-9.43,30.57,17.42,-2.58,-2.58,-2.58,-2.58,-2.58,-2.58,-2.58,-2.58,-2.58,-0.67,-0.67,-0.67,-0.67,-0.67,-0.67,-0.67,-0.67,-0.67,-0.67
0.2865,-9.43,10.57,-9.43,-9.43,-9.43,-9.43,-9.43,10.57,-9.43,30.57,-2.58,-2.58,-2.58,-2.58,-2.58,-2.58,-2.58,17.42,-2.58,-2.58,-0.67,-0.67,-0.67,-0.67,-0.67,-0.67,-0.67,-0.67,-0.67,-0.67
0.2875,-9.43,-9.43,-9.43,-9.43,-9.43,10.57,50.57,30.57,10.57,70.57,-2.58,-2.58,-2.58,-2.58,-2.58,-2.58,-2.58,-2.58,-2.58,-2.58,-0.67,-0.67,-0.67,-0.67,-0.67,-0.67,-0.67,-0.67,-0.67,-0.67
0.2885,30.57,30.57,10.57,-9.43,-9.43,10.57,10.57,-9.43,30.57,170.57,-2.58,-2.58,-2.58,-2.58,-2.58,-2.58,-2.58,17.42,17.42,-2.58,-0.67,-0.67,-0.67,-0.67,-0.67,-0.67,-0.67,19.33,-0.67,-0.67
0.2895,10.57,10.57,-9.43,-9.43,-9.43,-9.43,-9.43,-9.43,10.57,10.57,-2.58,-2.58,-2.58,-2.58,-2.58,-2.58,-2.58,37.42,-2.58,-2.58,-0.67,-0.67,-0.67,-0.67,-0.67,-0.67,-0.67,-0.67,19.33,-0.67
0.2905,10.57,10.57,-9.43,-9.43,10.57,10.57,30.57,10.57,50.57,70.57,-2.58,-2.58,-2.58,-2.58,-2.58,-2.58,-2.58,-2.58,-2.58,17.42,-0.67,-0.67,-0.67,-0.67,-0.67,-0.67,-0.67,-0.67,-0.67,19.33
0.2915,-9.43,10.57,10.57,-9.43,-9.43,10.57,10.57,-9.43,50.57,10.57,17.42,-2.58,-2.58,-2.58,-2.58,-2.58,-2.58,-2.58,-2.58,-2.58,-0.67,-0.67,-0.67,-0.67,-0.67,-0.67,-0.67,-0.67,-0.67,-0.67
0.2925,10.57,10.57,10.57,10.57,10.57,10.57,-9.43,10.57,50.57,110.57,-2.58,-2.58,-2.58,-2.58,-2.58,-2.58,-2.58,37.42,-2.58,37.42,-0.67,-0.67,-0.67,-0.67,-0.67,-0.67,-0.67,-0.67,-0.67,-0.67
0.2935,-9.43,-9.43,-9.43,-9.43,-9.43,-9.43,-9.43,-9.43,30.57,50.57,-2.58,-2.58,-2.58,-2.58,-2.58,-2.58,-2.58,-2.58,17.42,-2.58,-0.67,-0.67,-0.67,-0.67,-0.67,-0.67,-0.67,-0.67,-0.67,-0.67
0.2945,10.57,10.57,-9.43,-9.43,-9.43,-9.43,10.57,30.57,50.57,50.57,37.42,17.42,-2.58,-2.58,17.42,-2.58,17.42,-2.58,-2.58,17.42,-0.67,-0.67,-0.67,-0.67,-0.67,-0.67,-0.67,-0.67,-0.67,-0.67
0.2955,-9.43,-9.43,-9.43,-9.43,-9.43,30.57,30.57,10.57,-9.43,50.57,17.42,17.42,-2.58,-2.58,-2.58,-2.58,-2.58,-2.58,-2.58,-2.58,-0.67,-0.67,-0.67,-0.67,-0.67,-0.67,-0.67,19.33,-0.67,-0.67
0.2965,10.57,-9.43,10.57,-9.43,-9.43,-9.43,-9.43,10.57,50.57,130.57,-2.58,-2.58,-2.58,-2.58,-2.58,-2.58,17.42,-2.58,17.42,-2.58,-0.67,-0.67,-0.67,-0.67,-0.67,-0.67,-0.67,-0.67,19.33,-0.67
0.2975,10.57,-9.43,-9.43,10.57,-9.43,-9.43,10.57,30.57,-9.43,70.57,-2.58,-2.58,-2.58,-2.58,17.42,-2.58,-2.58,-2.58,-2.58,17.42,-0.67,-0.67,-0.67,-0.67,-0.67,19.33,-0.67,-0.67,-0.67,-0.67
0.2985,-9.43,10.57,-9.43,-9.43,-9.43,10.57,10.57,30.57,10.57,10.57,17.42,-2.58,-2.58,-2.58,-2.58,-2.58,-2.58,-2.58,17.42,17.42,-0.67,-0.67,-0.67,-0.67,-0.67,-0.67,19.33,-0.67,-0.67,-0.67
0.2995,-9.43,10.57,50.57,10.57,-9.43,-9.43,30.57,30.57,30.57,30.57,-2.58,-2.58,-2.58,-2.58,-2.58,-2.58,-2.58,17.42,-2.58,17.42,-0.67,-0.67,-0.67,-0.67,-0.67,-0.67,-0.67,-0.67,-0.67,-0.67
0.3005,-9.43,30.57,10.57,-9.43,-9.43,10.57,-9.43,50.57,-9.43,10.57,-2.58,-2.58,-2.58,-2.58,-2.58,-2.58,-2.58,-2.58,17.42,17.42,-0.67,-0.67,-0.67,-0.67,-0.67,-0.67,59.33,-0.67,-0.67,19.33
0.3015,30.57,-9.43,-9.43,-9.43,10.57,10.57,10.57,10.57,70.57,30.57,-2.58,-2.58,-2.58,-2.58,-2.58,17.42,-2.58,-2.58,-2.58,-2.58,-0.67,-0.67,-0.67,-0.67,-0.67,-0.67,-0.67,-0.67,19.33,-0.67
0.3025,-9.43,50.57,10.57,30.57,30.57,30.57,-9.43,50.57,70.57,90.57,-2.58,-2.58,-2.58,-2.58,-2.58,17.42,-2.58,17.42,17.42,17.42,-0.67,-0.67,-0.67,-0.67,-0.67,-0.67,-0.67,19.33,-0.67,-0.67
0.3035,-9.43,-9.43,-9.43,10.57,-9.43,30.57,-9.43,30.57,30.57,-9.43,-2.58,-2.58,37.42,-2.58,-2.58,17.42,17.42,-2.58,17.42,-2.58,-0.67,-0.67,-0.67,-0.67,-0.67,19.33,-0.67,-0.67,-0.67,-0.67
0.3045,-9.43,-9.43,-9.43,10.57,-9.43,-9.43,-9.43,50.57,50.57,30.57,-2.58,-2.58,-2.58,17.42,17.42,-2.58,-2.58,-2.58,-2.58,-2.58,-0.67,-0.67,-0.67,-0.67,-0.67,-0.67,-0.67,-0.67,-0.67,-0.67
0.3055,-9.43,-9.43,10.57,10.57,-9.43,-9.43,-9.43,10.57,-9.43,50.57,-2.58,-2.58,-2.58,-2.58,-2.58,17.42,-2.58,17.42,-2.58,17.42,-0.67,-0.67,-0.67,19.33,-0.67,19.33,-0.67,-0.67,-0.67,-0.67
0.3065,-9.43,10.57,-9.43,-9.43,-9.43,10.57,10.57,90.57,70.57,10.57,-2.58,17.42,-2.58,-2.58,17.42,17.42,-2.58,17.42,-2.58,17.42,-0.67,-0.67,-0.67,-0.67,19.33,-0.67,-0.67,19.33,-0.67,19.33
0.3075,10.57,10.57,10.57,10.57,50.57,-9.43,30.57,10.57,10.57,10.57,-2.58,17.42,-2.58,-2.58,-2.58,-2.58,-2.58,-2.58,-2.58,17.42,-0.67,-0.67,-0.67,-0.67,-0.67,-0.67,-0.67,-0.67,-0.67,-0.67
0.3085,10.57,-9.43,10.57,30.57,30.57,50.57,30.57,-9.43,-9.43,10.57,-2.58,-2.58,-2.58,-2.58,17.42,-2.58,-2.58,-2.58,-2.58,-2.58,-0.67,-0.67,-0.67,-0.67,-0.67,-0.67,-0.67,-0.67,-0.67,-0.67
0.3095,10.57,-9.43,10.57,10.57,10.57,-9.43,30.57,10.57,10.57,50.57,-2.58,-2.58,-2.58,-2.58,17.42,-2.58,-2.58,17.42,17.42,-2.58,-0.67,-0.67,-0.67,-0.67,-0.67,-0.67,-0.67,-0.67,-0.67,-0.67
0.3105,-9.43,10.57,50.57,10.57,30.57,30.57,10.57,-9.43,30.57,10.57,-2.58,-2.58,-2.58,-2.58,-2.58,-2.58,-2.58,-2.58,17.42,-2.58,-0.67,-0.67,-0.67,-0.67,-0.67,-0.67,-0.67,-0.67,-0.67,-0.67
0.3115,10.57,10.57,-9.43,-9.43,-9.43,10.57,-9.43,10.57,10.57,10.57,-2.58,-2.58,-2.58,-2.58,-2.58,-2.58,-2.58,-2.58,-2.58,17.42,19.33,-0.67,-0.67,-0.67,19.33,-0.67,-0.67,19.33,-0.67,-0.67
0.3125,-9.43,-9.43,10.57,10.57,50.57,10.57,30.57,30.57,50.57,-9.43,-2.58,-2.58,17.42,-2.58,-2.58,-2.58,37.42,-2.58,-2.58,17.42,-0.67,-0.67,-0.67,-0.67,-0.67,-0.67,-0.67,-0.67,-0.67,-0.67
0.3135,-9.43,10.57,10.57,10.57,10.57,50.57,10.57,-9.43,-9.43,30.57,-2.58,-2.58,-2.58,-2.58,-2.58,-2.58,-2.58,57.42,-2.58,-2.58,-0.67,-0.67,-0.67,-0.67,-0.67,-0.67,-0.67,-0.67,19.33,-0.67
0.3145,10.57,30.57,30.57,-9.43,10.57,10.57,30.57,70.57,70.57,30.57,-2.58,-2.58,-2.58,17.42,-2.58,17.42,17.42,-2.58,-2.58,17.42,-0.67,-0.67,-0.67,-0.67,-0.67,-0.67,-0.67,-0.67,-0.67,-0.67
0.3155,-9.43,-9.43,50.57,-9.43,30.57,30.57,30.57,-9.43,30.57,30.57,-2.58,-2.58,-2.58,-2.58,-2.58,-2.58,57.42,-2.58,-2.58,-2.58,-0.67,19.33,-0.67,-0.67,-0.67,-0.67,-0.67,19.33,-0.67,-0.67
0.3165,30.57,-9.43,70.57,30.57,-9.43,10.57,50.57,-9.43,-9.43,-9.43,-2.58,-2.58,-2.58,-2.58,-2.58,-2.58,-2.58,17.42,17.42,-2.58,-0.67,-0.67,-0.67,-0.67,-0.67,-0.67,-0.67,19.33,-0.67,-0.67
0.3175,-9.43,-9.43,10.57,10.57,10.57,-9.43,10.57,10.57,10.57,30.57,-2.58,-2.58,-2.58,-2.58,-2.58,-2.58,17.42,-2.58,-2.58,17.42,-0.67,-0.67,-0.67,-0.67,-0.67,19.33,-0.67,-0.67,-0.67,19.33
0.3185,-9.43,-9.43,10.57,50.57,-9.43,50.57,50.57,30.57,10.57,10.57,-2.58,-2.58,-2.58,-2.58,-2.58,-2.58,17.42,-2.58,-2.58,-2.58,-0.67,-0.67,19.33,-0.67,-0.67,19.33,-0.67,-0.67,-0.67,-0.67
0.3195,-9.43,-9.43,50.57,10.57,10.57,10.57,-9.43,10.57,30.57,30.57,-2.58,-2.58,-2.58,17.42,-2.58,-2.58,-2.58,17.42,-2.58,17.42,-0.67,-0.67,-0.67,-0.67,-0.67,-0.67,-0.67,-0.67,-0.67,-0.67
0.3205,-9.43,-9.43,30.57,-9.43,70.57,10.57,-9.43,50.57,30.57,10.57,-2.58,-2.58,-2.58,-2.58,-2.58,-2.58,17.42,37.42,-2.58,-2.58,-0.67,-0.67,-0.67,-0.67,-0.67,19.33,19.33,19.33,-0.67,-0.67
0.3215,10.57,-9.43,-9.43,-9.43,30.57,-9.43,10.57,10.57,10.57,50.57,-2.58,-2.58,-2.58,-2.58,-2.58,17.42,-2.58,17.42,-2.58,-2.58,-0.67,-0.67,-0.67,-0.67,-0.67,-0.67,-0.67,19.33,-0.67,-0.67
0.3225,-9.43,-9.43,10.57,10.57,10.57,-9.43,-9.43,30.57,90.57,10.57,-2.58,-2.58,-2.58,-2.58,-2.58,-2.58,-2.58,17.42,-2.58,-2.58,-0.67,-0.67,-0.67,-0.67,-0.67,-0.67,-0.67,-0.67,-0.67,-0.67
0.3235,30.57,-9.43,10.57,30.57,10.57,10.57,50.57,-9.43,-9.43,10.57,-2.58,-2.58,-2.58,17.42,17.42,-2.58,-2.58,-2.58,-2.58,-2.58,-0.67,-0.67,-0.67,-0.67,-0.67,-0.67,19.33,-0.67,-0.67,-0.67
0.3245,-9.43,-9.43,30.57,-9.43,-9.43,-9.43,-9.43,30.57,-9.43,10.57,-2.58,-2.58,-2.58,-2.58,-2.58,-2.58,-2.58,17.42,-2.58,-2.58,-0.67,-0.67,-0.67,-0.67,-0.67,-0.67,-0.67,19.33,-0.67,-0.67
0.3255,10.57,-9.43,10.57,-9.43,10.57,10.57,10.57,10.57,90.57,-9.43,-2.58,-2.58,-2.58,-2.58,-2.58,-2.58,-2.58,-2.58,-2.58,-2.58,-0.67,-0.67,-0.67,-0.67,-0.67,-0.67,-0.67,-0.67,19.33,-0.67
0.3265,-9.43,-9.43,-9.43,50.57,-9.43,30.57,-9.43,30.57,90.57,10.57,-2.58,-2.58,-2.58,-2.58,17.42,-2.58,-2.58,-2.58,-2.58,-2.58,-0.67,-0.67,-0.67,-0.67,-0.67,-0.67,-0.67,-0.67,-0.67,-0.67
0.3275,10.57,10.57,-9.43,10.57,-9.43,10.57,-9.43,-9.43,70.57,10.57,-2.58,-2.58,-2.58,-2.58,-2.58,-2.58,-2.58,-2.58,-2.58,-2.58,-0.67,-0.67,-0.67,-0.67,-0.67,-0.67,-0.67,19.33,19.33,-0.67
0.3285,-9.43,-9.43,30.57,10.57,10.57,10.57,-9.43,10.57,10.57,50.57,-2.58,-2.58,-2.58,-2.58,-2.58,-2.58,-2.58,17.42,17.42,-2.58,-0.67,-0.67,-0.67,-0.67,-0.67,-0.67,-0.67,-0.67,-0.67,-0.67
0.3295,-9.43,10.57,-9.43,50.57,10.57,10.57,30.57,-9.43,30.57,50.57,17.42,-2.58,-2.58,-2.58,-2.58,17.42,-2.58,-2.58,-2.58,-2.58,-0.67,-0.67,-0.67,19.33,-0.67,19.33,-0.67,-0.67,-0.67,-0.67
0.3305,-9.43,10.57,30.57,-9.43,-9.43,50.57,10.57,10.57,70.57,-9.43,-2.58,-2.58,-2.58,-2.58,-2.58,-2.58,17.42,-2.58,-2.58,-2.58,-0.67,-0.67,-0.67,-0.67,-0.67,-0.67,-0.67,19.33,19.33,-0.67
0.3315,-9.43,-9.43,-9.43,50.57,-9.43,50.57,30.57,-9.43,10.57,10.57,-2.58,-2.58,-2.58,-2.58,-2.58,-2.58,17.42,-2.58,-2.58,37.42,-0.67,-0.67,-0.67,-0.67,-0.67,-0.67,-0.67,-0.67,-0.67,-0.67
0.3325,10.57,-9.43,-9.43,-9.43,10.57,30.57,10.57,10.57,50.57,30.57,-2.58,-2.58,-2.58,17.42,-2.58,-2.58,-2.58,-2.58,-2.58,-2.58,-0.67,-0.67,-0.67,-0.67,-0.67,-0.67,-0.67,-0.67,19.33,-0.67
0.3335,10.57,-9.43,-9.43,30.57,-9.43,-9.43,10.57,10.57,30.57,70.57,-2.58,-2.58,17.42,-2.58,-2.58,-2.58,-2.58,-2.58,17.42,-2.58,-0.67,-0.67,-0.67,-0.67,-0.67,19.33,-0.67,-0.67,-0.67,-0.67
0.3345,30.57,-9.43,-9.43,30.57,50.57,50.57,10.57,10.57,50.57,10.57,-2.58,17.42,-2.58,-2.58,-2.58,17.42,-2.58,-2.58,-2.58,-2.58,-0.67,-0.67,-0.67,-0.67,-0.67,-0.67,-0.67,-0.67,-0.67,-0.67
0.3355,10.57,-9.43,10.57,10.57,10.57,50.57,30.57,10.57,50.57,10.57,-2.58,-2.58,17.42,-2.58,-2.58,-2.58,-2.58,-2.58,-2.58,17.42,-0.67,-0.67,19.33,-0.67,-0.67,-0.67,-0.67,-0.67,-0.67,-0.67
0.3365,10.57,10.57,-9.43,-9.43,10.57,-9.43,30.57,30.57,30.57,30.57,-2.58,-2.58,-2.58,-2.58,-2.58,-2.58,17.42,17.42,-2.58,17.42,-0.67,-0.67,-0.67,-0.67,19.33,-0.67,-0.67,19.33,-0.67,-0.67
0.3375,-9.43,30.57,10.57,30.57,30.57,90.57,-9.43,-9.43,50.57,10.57,-2.58,-2.58,-2.58,-2.58,-2.58,-2.58,-2.58,-2.58,-2.58,-2.58,-0.67,-0.67,-0.67,19.33,-0.67,19.33,-0.67,-0.67,-0.67,-0.67
0.3385,30.57,30.57,10.57,10.57,30.57,30.57,-9.43,10.57,10.57,10.57,-2.58,-2.58,-2.58,17.42,-2.58,-2.58,-2.58,-2.58,37.42,-2.58,-0.67,-0.67,19.33,-0.67,-0.67,-0.67,-0.67,-0.67,-0.67,-0.67
0.3395,10.57,10.57,50.57,50.57,30.57,10.57,10.57,70.57,70.57,50.57,-2.58,-2.58,-2.58,17.42,-2.58,-2.58,-2.58,-2.58,-2.58,-2.58,-0.67,-0.67,-0.67,19.33,19.33,-0.67,-0.67,-0.67,-0.67,-0.67
0.3405,-9.43,-9.43,-9.43,50.57,50.57,90.57,-9.43,70.57,70.57,50.57,-2.58,-2.58,37.42,17.42,-2.58,17.42,-2.58,-2.58,17.42,-2.58,-0.67,-0.67,19.33,-0.67,-0.67,-0.67,19.33,-0.67,-0.67,-0.67
0.3415,30.57,30.57,30.57,90.57,30.57,30.57,70.57,10.57,90.57,10.57,-2.58,17.42,17.42,17.42,-2.58,17.42,-2.58,-2.58,37.42,-2.58,-0.67,19.33,-0.67,-0.67,-0.67,-0.67,-0.67,-0.67,-0.67,-0.67
0.3425,-9.43,50.57,30.57,10.57,50.57,90.57,30.57,50.57,90.57,70.57,17.42,-2.58,-2.58,37.42,-2.58,-2.58,-2.58,17.42,-2.58,-2.58,-0.67,19.33,-0.67,-0.67,-0.67,-0.67,-0.67,-0.67,19.33,-0.67
0.3435,-9.43,30.57,10.57,110.57,10.57,30.57,70.57,50.57,10.57,130.57,-2.58,-2.58,37.42,-2.58,37.42,-2.58,-2.58,17.42,-2.58,-2.58,-0.67,19.33,-0.67,19.33,19.33,-0.67,19.33,-0.67,-0.67,-0.67
0.3445,-9.43,-9.43,50.57,30.57,50.57,50.57,30.57,30.57,130.57,70.57,17.42,-2.58,17.42,17.42,17.42,17.42,-2.58,-2.58,-2.58,17.42,-0.67,-0.67,-0.67,19.33,-0.67,19.33,-0.67,19.33,-0.67,19.33
0.3455,-9.43,10.57,10.57,10.57,30.57,10.57,90.57,30.57,50.57,70.57,17.42,-2.58,17.42,17.42,17.42,-2.58,-2.58,-2.58,-2.58,-2.58,19.33,-0.67,-0.67,-0.67,-0.67,-0.67,19.33,-0.67,19.33,-0.67
0.3465,10.57,30.57,30.57,10.57,90.57,70.57,90.57,50.57,90.57,270.57,-2.58,-2.58,17.42,-2.58,-2.58,-2.58,17.42,-2.58,-2.58,17.42,-0.67,-0.67,-0.67,-0.67,-0.67,-0.67,-0.67,-0.67,-0.67,-0.67
0.3475,-9.43,10.57,10.57,70.57,30.57,10.57,110.57,50.57,130.57,170.57,-2.58,-2.58,37.42,17.42,-2.58,17.42,37.42,-2.58,37.42,17.42,-0.67,-0.67,-0.67,-0.67,19.33,-0.67,-0.67,-0.67,39.33,19.33
0.3485,-9.43,-9.43,-9.43,30.57,50.57,-9.43,-9.43,130.57,90.57,150.57,-2.58,-2.58,37.42,37.42,-2.58,-2.58,17.42,-2.58,17.42,17.42,-0.67,-0.67,-0.67,-0.67,19.33,19.33,-0.67,-0.67,19.33,19.33
0.3495,-9.43,-9.43,10.57,30.57,50.57,50.57,30.57,30.57,130.57,250.57,-2.58,-2.58,17.42,57.42,17.42,-2.58,-2.58,-2.58,17.42,-2.58,-0.67,-0.67,-0.67,-0.67,-0.67,-0.67,-0.67,-0.67,-0.67,-0.67
0.3505,-9.43,50.57,30.57,50.57,30.57,10.57,10.57,70.57,90.57,170.57,-2.58,-2.58,-2.58,-2.58,-2.58,-2.58,-2.58,17.42,-2.58,17.42,-0.67,-0.67,-0.67,-0.67,-0.67,-0.67,-0.67,-0.67,39.33,-0.67
0.3515,10.57,10.57,30.57,30.57,30.57,10.57,30.57,30.57,110.57,110.57,17.42,-2.58,17.42,-2.58,-2.58,-2.58,17.42,17.42,17.42,17.42,-0.67,-0.67,-0.67,-0.67,-0.67,-0.67,-0.67,-0.67,19.33,19.33
0.3525,-9.43,10.57,10.57,10.57,30.57,90.57,50.57,10.57,90.57,130.57,-2.58,17.42,-2.58,-2.58,-2.58,-2.58,-2.58,37.42,-2.58,57.42,-0.67,-0.67,-0.67,-0.67,-0.67,-0.67,19.33,-0.67,-0.67,19.33
0.3535,-9.43,10.57,50.57,30.57,10.57,30.57,10.57,30.57,50.57,150.57,-2.58,-2.58,-2.58,17.42,-2.58,-2.58,17.42,-2.58,-2.58,-2.58,-0.67,-0.67,-0.67,19.33,-0.67,-0.67,-0.67,-0.67,-0.67,-0.67
0.3545,10.57,10.57,10.57,50.57,-9.43,70.57,10.57,110.57,50.57,90.57,-2.58,-2.58,17.42,17.42,-2.58,-2.58,-2.58,-2.58,-2.58,-2.58,-0.67,-0.67,-0.67,19.33,-0.67,-0.67,-0.67,-0.67,-0.67,-0.67
0.3555,10.57,30.57,-9.43,10.57,30.57,-9.43,10.57,30.57,10.57,90.57,17.42,-2.58,-2.58,17.42,-2.58,17.42,-2.58,-2.58,-2.58,-2.58,-0.67,-0.67,-0.67,-0.67,19.33,-0.67,19.33,-0.67,-0.67,-0.67
0.3565,-9.43,10.57,10.57,10.57,10.57,30.57,-9.43,10.57,30.57,50.57,-2.58,-2.58,-2.58,-2.58,-2.58,-2.58,-2.58,-2.58,17.42,-2.58,-0.67,-0.67,19.33,-0.67,-0.67,-0.67,-0.67,-0.67,-0.67,19.33
0.3575,10.57,10.57,-9.43,10.57,10.57,50.57,30.57,50.57,30.57,50.57,-2.58,-2.58,-2.58,17.42,17.42,-2.58,-2.58,-2.58,-2.58,-2.58,-0.67,-0.67,-0.67,-0.67,-0.67,-0.67,-0.67,-0.67,-0.67,-0.67
0.3585,-9.43,10.57,30.57,70.57,10.57,-9.43,-9.43,30.57,30.57,10.57,-2.58,-2.58,-2.58,-2.58,-2.58,17.42,-2.58,-2.58,-2.58,-2.58,-0.67,-0.67,-0.67,-0.67,19.33,-0.67,-0.67,-0.67,-0.67,-0.67
0.3595,10.57,10.57,10.57,30.57,-9.43,-9.43,10.57,70.57,-9.43,10.57,-2.58,-2.58,-2.58,17.42,-2.58,17.42,-2.58,-2.58,-2.58,-2.58,19.33,-0.67,-0.67,-0.67,19.33,-0.67,-0.67,19.33,-0.67,-0.67
0.3605,-9.43,30.57,10.57,70.57,110.57,90.57,-9.43,10.57,10.57,10.57,-2.58,-2.58,-2.58,-2.58,-2.58,-2.58,-2.58,-2.58,-2.58,-2.58,-0.67,-0.67,-0.67,19.33,-0.67,-0.67,-0.67,-0.67,-0.67,-0.67
0.3615,30.57,10.57,30.57,30.57,30.57,50.57,10.57,10.57,10.57,-9.43,17.42,-2.58,-2.58,37.42,-2.58,17.42,-2.58,17.42,-2.58,-2.58,-0.67,-0.67,-0.67,-0.67,-0.67,-0.67,-0.67,19.33,-0.67,-0.67
0.3625,10.57,-9.43,10.57,50.57,50.57,-9.43,10.57,30.57,10.57,-9.43,-2.58,37.42,-2.58,-2.58,-2.58,-2.58,-2.58,57.42,17.42,-2.58,-0.67,-0.67,-0.67,-0.67,19.33,-0.67,-0.67,-0.67,-0.67,-0.67
0.3635,-9.43,-9.43,30.57,10.57,110.57,50.57,10.57,90.57,30.57,-9.43,-2.58,-2.58,-2.58,-2.58,-2.58,-2.58,37.42,-2.58,-2.58,-2.58,-0.67,-0.67,-0.67,-0.67,-0.67,-0.67,-0.67,19.33,-0.67,-0.67
0.3645,-9.43,30.57,10.57,70.57,50.57,10.57,50.57,10.57,10.57,-9.43,-2.58,-2.58,-2.58,-2.58,-2.58,17.42,17.42,57.42,-2.58,-2.58,-0.67,-0.67,59.33,19.33,19.33,-0.67,-0.67,-0.67,-0.67,-0.67
0.3655,-9.43,-9.43,50.57,10.57,30.57,70.57,10.57,110.57,30.57,10.57,-2.58,-2.58,-2.58,-2.58,-2.58,37.42,-2.58,37.42,37.42,-2.58,-0.67,-0.67,-0.67,39.33,-0.67,19.33,19.33,39.33,-0.67,-0.67
0.3665,50.57,10.57,30.57,50.57,50.57,30.57,90.57,110.57,10.57,30.57,-2.58,-2.58,-2.58,17.42,-2.58,-2.58,-2.58,17.42,-2.58,-2.58,-0.67,-0.67,-0.67,19.33,-0.67,-0.67,39.33,-0.67,-0.67,-0.67
0.3675,-9.43,10.57,10.57,30.57,70.57,90.57,70.57,70.57,30.57,-9.43,-2.58,-2.58,-2.58,-2.58,-2.58,37.42,-2.58,17.42,-2.58,-2.58,-0.67,-0.67,-0.67,-0.67,-0.67,-0.67,19.33,-0.67,19.33,-0.67
0.3685,-9.43,10.57,30.57,70.57,50.57,30.57,50.57,90.57,10.57,-9.43,-2.58,-2.58,-2.58,17.42,-2.58,17.42,-2.58,17.42,37.42,-2.58,-0.67,-0.67,-0.67,-0.67,-0.67,-0.67,-0.67,-0.67,19.33,-0.67
0.3695,-9.43,-9.43,30.57,30.57,30.57,10.57,110.57,90.57,30.57,-9.43,-2.58,-2.58,-2.58,-2.58,-2.58,17.42,17.42,-2.58,-2.58,-2.58,-0.67,-0.67,-0.67,-0.67,-0.67,-0.67,-0.67,39.33,-0.67,-0.67
0.3705,-9.43,-9.43,90.57,10.57,50.57,50.57,10.57,110.57,10.57,10.57,-2.58,17.42,-2.58,17.42,17.42,-2.58,-2.58,17.42,-2.58,-2.58,-0.67,-0.67,-0.67,-0.67,-0.67,-0.67,-0.67,-0.67,19.33,-0.67
0.3715,10.57,10.57,90.57,50.57,10.57,10.57,70.57,50.57,30.57,-9.43,-2.58,-2.58,-2.58,-2.58,-2.58,-2.58,17.42,37.42,-2.58,-2.58,-0.67,-0.67,-0.67,-0.67,-0.67,-0.67,-0.67,-0.67,19.33,-0.67
0.3725,-9.43,-9.43,10.57,-9.43,30.57,30.57,70.57,10.57,50.57,-9.43,-2.58,-2.58,-2.58,-2.58,17.42,37.42,17.42,17.42,-2.58,-2.58,-0.67,-0.67,-0.67,-0.67,-0.67,-0.67,-0.67,-0.67,-0.67,-0.67
0.3735,-9.43,-9.43,70.57,10.57,30.57,10.57,30.57,90.57,10.57,-9.43,-2.58,-2.58,-2.58,-2.58,-2.58,-2.58,-2.58,17.42,17.42,-2.58,-0.67,-0.67,-0.67,-0.67,19.33,-0.67,19.33,19.33,19.33,-0.67
0.3745,-9.43,-9.43,10.57,-9.43,30.57,30.57,50.57,110.57,-9.43,-9.43,17.42,-2.58,-2.58,17.42,-2.58,-2.58,17.42,17.42,-2.58,-2.58,-0.67,-0.67,-0.67,-0.67,-0.67,-0.67,19.33,-0.67,39.33,-0.67
0.3755,-9.43,-9.43,-9.43,10.57,30.57,30.57,70.57,30.57,70.57,-9.43,-2.58,-2.58,17.42,17.42,-2.58,17.42,17.42,-2.58,-2.58,-2.58,-0.67,-0.67,-0.67,-0.67,-0.67,-0.67,-0.67,-0.67,-0.67,-0.67
0.3765,10.57,10.57,30.57,30.57,10.57,30.57,30.57,50.57,10.57,-9.43,-2.58,-2.58,-2.58,17.42,-2.58,-2.58,17.42,-2.58,-2.58,-2.58,-0.67,-0.67,-0.67,-0.67,-0.67,-0.67,-0.67,-0.67,-0.67,-0.67
0.3775,10.57,-9.43,-9.43,10.57,10.57,30.57,30.57,30.57,-9.43,10.57,-2.58,-2.58,-2.58,-2.58,17.42,-2.58,-2.58,-2.58,-2.58,-2.58,-0.67,-0.67,-0.67,-0.67,-0.67,-0.67,-0.67,-0.67,-0.67,-0.67
0.3785,-9.43,10.57,30.57,10.57,10.57,-9.43,30.57,-9.43,50.57,-9.43,-2.58,-2.58,-2.58,-2.58,-2.58,17.42,-2.58,-2.58,-2.58,-2.58,-0.67,-0.67,-0.67,-0.67,-0.67,-0.67,-0.67,-0.67,-0.67,-0.67
0.3795,-9.43,10.57,10.57,-9.43,-9.43,-9.43,30.57,-9.43,-9.43,10.57,-2.58,-2.58,-2.58,-2.58,-2.58,-2.58,-2.58,17.42,-2.58,-2.58,-0.67,-0.67,-0.67,-0.67,-0.67,-0.67,-0.67,-0.67,-0.67,-0.67
0.3805,-9.43,30.57,10.57,10.57,-9.43,-9.43,30.57,10.57,10.57,-9.43,-2.58,-2.58,17.42,-2.58,-2.58,17.42,37.42,-2.58,-2.58,-2.58,-0.67,19.33,-0.67,-0.67,-0.67,-0.67,-0.67,-0.67,-0.67,-0.67
0.3815,-9.43,10.57,10.57,10.57,-9.43,10.57,30.57,10.57,-9.43,-9.43,-2.58,-2.58,-2.58,-2.58,-2.58,-2.58,-2.58,-2.58,-2.58,-2.58,-0.67,-0.67,-0.67,-0.67,-0.67,-0.67,-0.67,-0.67,-0.67,-0.67
0.3825,-9.43,30.57,10.57,-9.43,-9.43,10.57,10.57,10.57,-9.43,-9.43,-2.58,-2.58,-2.58,-2.58,-2.58,-2.58,-2.58,-2.58,-2.58,-2.58,-0.67,-0.67,-0.67,-0.67,-0.67,-0.67,-0.67,-0.67,-0.67,-0.67
0.3835,-9.43,-9.43,-9.43,-9.43,-9.43,-9.43,-9.43,10.57,10.57,-9.43,-2.58,-2.58,-2.58,-2.58,-2.58,-2.58,17.42,-2.58,-2.58,-2.58,-0.67,-0.67,-0.67,-0.67,-0.67,-0.67,-0.67,-0.67,-0.67,-0.67
0.3845,-9.43,10.57,-9.43,-9.43,-9.43,-9.43,10.57,-9.43,-9.43,-9.43,-2.58,-2.58,17.42,-2.58,-2.58,-2.58,17.42,-2.58,-2.58,-2.58,-0.67,19.33,-0.67,-0.67,-0.67,-0.67,-0.67,-0.67,-0.67,-0.67
0.3855,-9.43,-9.43,-9.43,-9.43,30.57,10.57,10.57,10.57,-9.43,-9.43,-2.58,17.42,-2.58,-2.58,-2.58,-2.58,-2.58,17.42,-2.58,-2.58,-0.67,-0.67,-0.67,19.33,-0.67,-0.67,-0.67,-0.67,-0.67,-0.67
0.3865,-9.43,10.57,-9.43,-9.43,-9.43,-9.43,10.57,-9.43,-9.43,-9.43,-2.58,-2.58,-2.58,-2.58,-2.58,-2.58,-2.58,17.42,-2.58,-2.58,-0.67,-0.67,-0.67,-0.67,-0.67,-0.67,-0.67,-0.67,-0.67,-0.67
0.3875,-9.43,10.57,-9.43,-9.43,10.57,-9.43,-9.43,-9.43,-9.43,-9.43,-2.58,-2.58,-2.58,17.42,-2.58,-2.58,-2.58,-2.58,17.42,-2.58,-0.67,-0.67,-0.67,-0.67,-0.67,-0.67,-0.67,-0.67,-0.67,-0.67
0.3885,-9.43,-9.43,-9.43,10.57,10.57,-9.43,10.57,-9.43,10.57,-9.43,-2.58,-2.58,-2.58,-2.58,17.42,-2.58,-2.58,-2.58,-2.58,-2.58,19.33,-0.67,-0.67,-0.67,-0.67,-0.67,-0.67,-0.67,-0.67,-0.67
0.3895,-9.43,-9.43,10.57,10.57,10.57,-9.43,10.57,10.57,30.57,10.57,-2.58,-2.58,-2.58,-2.58,-2.58,-2.58,-2.58,-2.58,-2.58,-2.58,-0.67,-0.67,-0.67,-0.67,-0.67,-0.67,19.33,19.33,-0.67,-0.67
0.3905,-9.43,30.57,-9.43,10.57,-9.43,10.57,10.57,-9.43,-9.43,-9.43,-2.58,-2.58,-2.58,-2.58,-2.58,-2.58,-2.58,-2.58,-2.58,-2.58,-0.67,-0.67,-0.67,19.33,-0.67,-0.67,19.33,-0.67,-0.67,-0.67
0.3915,-9.43,10.57,-9.43,10.57,10.57,10.57,110.57,130.57,10.57,-9.43,-2.58,-2.58,-2.58,17.42,-2.58,-2.58,37.42,-2.58,-2.58,-2.58,-0.67,-0.67,-0.67,-0.67,-0.67,-0.67,19.33,19.33,-0.67,-0.67
0.3925,10.57,-9.43,10.57,-9.43,-9.43,10.57,50.57,130.57,10.57,10.57,17.42,-2.58,-2.58,-2.58,17.42,-2.58,-2.58,17.42,37.42,-2.58,-0.67,-0.67,-0.67,-0.67,-0.67,-0.67,19.33,-0.67,-0.67,-0.67
0.3935,-9.43,10.57,-9.43,30.57,10.57,70.57,190.57,170.57,170.57,-9.43,-2.58,-2.58,-2.58,-2.58,-2.58,-2.58,-2.58,17.42,-2.58,-2.58,-0.67,19.33,-0.67,-0.67,-0.67,-0.67,-0.67,-0.67,-0.67,-0.67
0.3945,10.57,10.57,10.57,10.57,30.57,50.57,190.57,190.57,110.57,30.57,-2.58,-2.58,-2.58,-2.58,-2.58,-2.58,-2.58,-2.58,-2.58,-2.58,-0.67,-0.67,-0.67,-0.67,-0.67,19.33,19.33,-0.67,-0.67,-0.67
0.3955,10.57,-9.43,-9.43,30.57,-9.43,30.57,70.57,250.57,210.57,10.57,-2.58,-2.58,-2.58,-2.58,17.42,17.42,17.42,-2.58,17.42,17.42,-0.67,-0.67,-0.67,-0.67,-0.67,19.33,-0.67,-0.67,19.33,-0.67
0.3965,30.57,-9.43,10.57,30.57,30.57,90.57,170.57,150.57,70.57,50.57,-2.58,-2.58,-2.58,-2.58,-2.58,17.42,17.42,-2.58,-2.58,57.42,-0.67,-0.67,-0.67,-0.67,-0.67,-0.67,-0.67,39.33,-0.67,-0.67
0.3975,-9.43,-9.43,-9.43,70.57,10.57,90.57,50.57,70.57,210.57,150.57,-2.58,-2.58,-2.58,-2.58,-2.58,-2.58,-2.58,-2.58,-2.58,-2.58,-0.67,-0.67,-0.67,19.33,-0.67,-0.67,-0.67,-0.67,19.33,-0.67
0.3985,30.57,-9.43,-9.43,10.57,-9.43,50.57,30.57,30.57,90.57,90.57,-2.58,-2.58,-2.58,-2.58,-2.58,17.42,-2.58,17.42,-2.58,-2.58,-0.67,-0.67,-0.67,-0.67,-0.67,19.33,-0.67,19.33,19.33,-0.67
0.3995,-9.43,-9.43,-9.43,50.57,10.57,30.57,-9.43,70.57,70.57,130.57,-2.58,-2.58,-2.58,-2.58,-2.58,17.42,-2.58,57.42,-2.58,17.42,-0.67,-0.67,-0.67,-0.67,-0.67,-0.67,-0.67,19.33,-0.67,19.33
0.4005,10.57,-9.43,-9.43,10.57,10.57,30.57,10.57,30.57,90.57,150.57,-2.58,-2.58,-2.58,-2.58,-2.58,-2.58,-2.58,-2.58,-2.58,17.42,-0.67,-0.67,-0.67,-0.67,-0.67,-0.67,-0.67,19.33,-0.67,-0.67
0.4015,-9.43,-9.43,-9.43,-9.43,10.57,10.57,-9.43,10.57,10.57,110.57,-2.58,-2.58,-2.58,17.42,-2.58,-2.58,17.42,17.42,-2.58,17.42,-0.67,-0.67,19.33,-0.67,-0.67,-0.67,-0.67,-0.67,-0.67,-0.67
0.4025,-9.43,-9.43,-9.43,70.57,-9.43,50.57,30.57,-9.43,70.57,130.57,-2.58,-2.58,-2.58,-2.58,-2.58,-2.58,-2.58,-2.58,-2.58,17.42,-0.67,-0.67,-0.67,-0.67,-0.67,-0.67,-0.67,-0.67,-0.67,-0.67
0.4035,-9.43,-9.43,-9.43,-9.43,10.57,30.57,-9.43,10.57,50.57,170.57,17.42,-2.58,-2.58,-2.58,17.42,-2.58,-2.58,-2.58,-2.58,-2.58,-0.67,-0.67,-0.67,-0.67,-0.67,-0.67,-0.67,-0.67,-0.67,19.33
0.4045,-9.43,-9.43,10.57,10.57,10.57,70.57,10.57,10.57,-9.43,190.57,-2.58,-2.58,-2.58,-2.58,-2.58,-2.58,-2.58,-2.58,17.42,-2.58,-0.67,-0.67,-0.67,-0.67,-0.67,-0.67,-0.67,-0.67,-0.67,39.33
0.4055,10.57,-9.43,-9.43,10.57,10.57,10.57,-9.43,10.57,70.57,190.57,17.42,17.42,-2.58,-2.58,17.42,-2.58,-2.58,-2.58,-2.58,17.42,-0.67,-0.67,-0.67,-0.67,-0.67,-0.67,-0.67,-0.67,-0.67,-0.67
0.4065,-9.43,10.57,-9.43,10.57,10.57,-9.43,-9.43,-9.43,70.57,110.57,17.42,-2.58,-2.58,-2.58,-2.58,-2.58,-2.58,-2.58,-2.58,-2.58,-0.67,-0.67,-0.67,-0.67,-0.67,-0.67,-0.67,-0.67,-0.67,-0.67
0.4075,10.57,-9.43,-9.43,-9.43,10.57,10.57,10.57,-9.43,10.57,90.57,-2.58,-2.58,-2.58,-2.58,-2.58,-2.58,-2.58,-2.58,-2.58,-2.58,-0.67,-0.67,-0.67,-0.67,-0.67,-0.67,-0.67,-0.67,-0.67,-0.67
0.4085,-9.43,-9.43,-9.43,10.57,10.57,10.57,-9.43,-9.43,30.57,150.57,-2.58,-2.58,-2.58,-2.58,-2.58,-2.58,-2.58,-2.58,-2.58,17.42,-0.67,-0.67,-0.67,-0.67,-0.67,-0.67,-0.67,19.33,-0.67,-0.67
0.4095,70.57,-9.43,-9.43,-9.43,10.57,-9.43,-9.43,-9.43,30.57,50.57,-2.58,-2.58,-2.58,-2.58,-2.58,-2.58,-2.58,-2.58,-2.58,-2.58,-0.67,-0.67,-0.67,-0.67,-0.67,-0.67,-0.67,-0.67,-0.67,-0.67
0.4105,10.57,-9.43,10.57,10.57,-9.43,10.57,10.57,-9.43,10.57,130.57,17.42,-2.58,-2.58,17.42,-2.58,-2.58,-2.58,-2.58,-2.58,-2.58,-0.67,-0.67,-0.67,-0.67,-0.67,-0.67,-0.67,-0.67,-0.67,-0.67
0.4115,-9.43,-9.43,-9.43,-9.43,10.57,50.57,-9.43,10.57,-9.43,70.57,-2.58,-2.58,-2.58,17.42,-2.58,-2.58,-2.58,-2.58,-2.58,-2.58,-0.67,-0.67,19.33,-0.67,-0.67,-0.67,-0.67,-0.67,-0.67,-0.67
0.4125,10.57,-9.43,-9.43,-9.43,10.57,10.57,-9.43,-9.43,-9.43,50.57,-2.58,-2.58,-2.58,-2.58,-2.58,-2.58,-2.58,-2.58,-2.58,-2.58,-0.67,-0.67,-0.67,-0.67,-0.67,-0.67,-0.67,-0.67,-0.67,-0.67
0.4135,10.57,10.57,10.57,10.57,10.57,10.57,-9.43,-9.43,-9.43,70.57,17.42,-2.58,-2.58,-2.58,-2.58,-2.58,-2.58,-2.58,-2.58,-2.58,19.33,-0.67,-0.67,-0.67,-0.67,-0.67,-0.67,-0.67,-0.67,-0.67
0.4145,10.57,-9.43,-9.43,-9.43,30.57,10.57,-9.43,-9.43,-9.43,-9.43,17.42,-2.58,-2.58,-2.58,-2.58,-2.58,-2.58,-2.58,-2.58,-2.58,-0.67,-0.67,-0.67,-0.67,-0.67,-0.67,-0.67,-0.67,-0.67,-0.67
0.4155,10.57,-9.43,10.57,10.57,-9.43,10.57,-9.43,-9.43,-9.43,-9.43,-2.58,-2.58,17.42,17.42,-2.58,17.42,-2.58,-2.58,-2.58,-2.58,-0.67,-0.67,-0.67,-0.67,-0.67,-0.67,-0.67,-0.67,-0.67,-0.67
0.4165,10.57,10.57,10.57,-9.43,-9.43,-9.43,-9.43,-9.43,-9.43,10.57,-2.58,-2.58,-2.58,-2.58,-2.58,-2.58,-2.58,-2.58,-2.58,-2.58,-0.67,-0.67,-0.67,-0.67,-0.67,-0.67,-0.67,-0.67,-0.67,-0.67
0.4175,30.57,-9.43,-9.43,10.57,10.57,30.57,-9.43,-9.43,-9.43,10.57,-2.58,17.42,-2.58,-2.58,-2.58,-2.58,-2.58,-2.58,-2.58,-2.58,-0.67,-0.67,-0.67,-0.67,-0.67,-0.67,-0.67,-0.67,-0.67,-0.67
0.4185,30.57,30.57,10.57,-9.43,10.57,-9.43,10.57,-9.43,10.57,-9.43,-2.58,-2.58,-2.58,-2.58,-2.58,-2.58,-2.58,-2.58,-2.58,-2.58,-0.67,-0.67,-0.67,-0.67,-0.67,-0.67,-0.67,-0.67,19.33,-0.67
0.4195,10.57,10.57,30.57,-9.43,-9.43,-9.43,-9.43,-9.43,-9.43,30.57,-2.58,-2.58,-2.58,-2.58,-2.58,-2.58,-2.58,-2.58,-2.58,-2.58,-0.67,19.33,-0.67,-0.67,-0.67,-0.67,-0.67,-0.67,19.33,-0.67
0.4205,10.57,-9.43,-9.43,-9.43,-9.43,10.57,-9.43,10.57,30.57,-9.43,17.42,17.42,17.42,-2.58,-2.58,-2.58,-2.58,-2.58,-2.58,-2.58,-0.67,-0.67,-0.67,-0.67,-0.67,-0.67,-0.67,-0.67,-0.67,-0.67
0.4215,-9.43,30.57,10.57,30.57,-9.43,-9.43,-9.43,-9.43,-9.43,30.57,-2.58,-2.58,17.42,-2.58,17.42,-2.58,-2.58,-2.58,-2.58,-2.58,-0.67,-0.67,-0.67,-0.67,-0.67,-0.67,-0.67,-0.67,-0.67,-0.67
0.4225,50.57,-9.43,-9.43,-9.43,10.57,10.57,-9.43,-9.43,10.57,-9.43,-2.58,-2.58,-2.58,-2.58,-2.58,-2.58,-2.58,-2.58,-2.58,-2.58,-0.67,-0.67,-0.67,-0.67,-0.67,-0.67,-0.67,-0.67,-0.67,-0.67
0.4235,-9.43,10.57,-9.43,-9.43,-9.43,-9.43,-9.43,-9.43,-9.43,-9.43,-2.58,17.42,-2.58,-2.58,17.42,-2.58,-2.58,-2.58,-2.58,-2.58,-0.67,-0.67,-0.67,19.33,-0.67,-0.67,-0.67,-0.67,-0.67,-0.67
0.4245,10.57,10.57,10.57,10.57,30.57,10.57,-9.43,10.57,30.57,-9.43,-2.58,17.42,-2.58,17.42,-2.58,-2.58,-2.58,-2.58,-2.58,-2.58,-0.67,-0.67,-0.67,-0.67,-0.67,-0.67,-0.67,-0.67,-0.67,-0.67
0.4255,-9.43,-9.43,10.57,-9.43,-9.43,10.57,-9.43,-9.43,10.57,10.57,-2.58,17.42,-2.58,-2.58,-2.58,-2.58,-2.58,-2.58,-2.58,-2.58,39.33,-0.67,19.33,-0.67,-0.67,-0.67,-0.67,-0.67,-0.67,-0.67
0.4265,-9.43,10.57,10.57,10.57,10.57,-9.43,-9.43,30.57,-9.43,-9.43,-2.58,-2.58,37.42,-2.58,17.42,17.42,-2.58,-2.58,17.42,-2.58,-0.67,19.33,-0.67,-0.67,-0.67,-0.67,-0.67,-0.67,-0.67,-0.67
0.4275,30.57,50.57,-9.43,-9.43,-9.43,-9.43,-9.43,-9.43,-9.43,10.57,-2.58,-2.58,17.42,17.42,37.42,-2.58,-2.58,-2.58,-2.58,-2.58,-0.67,-0.67,-0.67,-0.67,-0.67,-0.67,-0.67,-0.67,-0.67,-0.67
0.4285,-9.43,-9.43,70.57,-9.43,-9.43,10.57,-9.43,10.57,30.57,-9.43,-2.58,-2.58,17.42,17.42,-2.58,17.42,-2.58,-2.58,-2.58,-2.58,-0.67,-0.67,-0.67,-0.67,-0.67,-0.67,-0.67,-0.67,-0.67,-0.67
0.4295,-9.43,-9.43,-9.43,10.57,-9.43,10.57,-9.43,10.57,10.57,-9.43,-2.58,-2.58,17.42,-2.58,-2.58,-2.58,-2.58,-2.58,-2.58,-2.58,-0.67,-0.67,-0.67,-0.67,-0.67,-0.67,-0.67,-0.67,-0.67,-0.67
